	Origin	Destination	ShortName	TimeRetr	Route	Dist	CurrentTime	TimeRange	url	nDist	nTime
4	1	20	BF_DR	2015-08-13 15:56:39.742023	I-94 Express E and I-94 E	19.3 miles	33 min	23 - 48 min	https://www.google.com/maps/dir/347+E+Balbo+Ave,+Chicago,+IL+60605/41.658386,+-87.559140/@41.7288158,-87.6316115,9150m/am=t/data=!3m1!1e3!4m19!4m18!1m10!1m1!1s0x880e2b6048623d95:0x9371d5c7f43fe98e!2m2!1d-87.6173814!2d41.8732476!3m4!1m2!1d-87.6205962!2d41.7134918!3s0x880e267580b00071:0xb24b6ab1f9e7db25!1m5!1m1!1s0x0:0x0!2m2!1d-87.55914!2d41.658386!3e0	19.3	33
22	1	20	Sky	2015-08-13 15:56:49.792694	I-90 E	17.9 miles	35 min	27 - 46 min	https://www.google.com/maps/dir/347+E+Balbo+Ave,+Chicago,+IL+60605/41.658386,+-87.559140/@41.634653,-87.5369446,30751m/data=!3m1!1e3!4m19!4m18!1m10!1m1!1s0x880e2b6048623d95:0x9371d5c7f43fe98e!2m2!1d-87.6173814!2d41.8732476!3m4!1m2!1d-87.5973557!2d41.7580106!3s0x880e28ea5e2fd8a3:0xd7bc1e2354b6c623!1m5!1m1!1s0x0:0x0!2m2!1d-87.55914!2d41.658386!3e0	17.9	35
40	1	20	LS	2015-08-13 15:56:59.863072	US-41 S and S Torrence Ave	16.1 miles	35 min	31 - 42 min	https://www.google.com/maps/dir/347+E+Balbo+Ave,+Chicago,+IL+60605/41.658386,+-87.559140/@41.74826,-87.5629275,2288m/data=!3m1!1e3!4m21!4m20!1m10!1m1!1s0x880e2b6048623d95:0x9371d5c7f43fe98e!2m2!1d-87.6173814!2d41.8732476!3m4!1m2!1d-87.5662692!2d41.7538237!3s0x880e2869d0ebc8a9:0x353d4a64efc0dfe2!1m5!1m1!1s0x0:0x0!2m2!1d-87.55914!2d41.658386!2m1!1b1!3e0	16.1	35
85	1	21	LS	2015-08-13 15:57:25.379698	US-41 S and I-90 E	31.8 miles	58 min	53 min - 1 h 11 min	https://www.google.com/maps/dir/347+E+Balbo+Ave,+Chicago,+IL+60605/Gleason+Park,+3400+Jefferson+Street,+Gary,+IN+46406/@41.6764132,-87.4918223,10894m/data=!3m1!1e3!4m24!4m23!1m15!1m1!1s0x880e2b6048623d95:0x9371d5c7f43fe98e!2m2!1d-87.6173814!2d41.8732476!3m4!1m2!1d-87.5414215!2d41.7274896!3s0x880e27f8fa97f937:0xeeef6d39d159c414!3m4!1m2!1d-87.5085316!2d41.68693!3s0x8811d8fa42e0f29f:0x1d6452cd8e4a360!1m5!1m1!1s0x8811e9d33a4155a9:0xd2b45f5dbe15a037!2m2!1d-87.3406427!2d41.5638849!3e0	31.8	58
118	1	21	BF_DR	2015-08-13 15:57:44.793056	I-94 E	36.8 miles	52 min	40 min - 1 h 11 min	https://www.google.com/maps/dir/347+E+Balbo+Ave,+Chicago,+IL+60605/Gleason+Park,+3400+Jefferson+Street,+Gary,+IN+46406/@41.7133749,-87.5948031,10900m/am=t/data=!3m1!1e3!4m19!4m18!1m10!1m1!1s0x880e2b6048623d95:0x9371d5c7f43fe98e!2m2!1d-87.6173814!2d41.8732476!3m4!1m2!1d-87.5928117!2d41.7025615!3s0x880e265b77c47ec7:0xbfe801e794ffcf1e!1m5!1m1!1s0x8811e9d33a4155a9:0xd2b45f5dbe15a037!2m2!1d-87.3406427!2d41.5638849!3e0	36.8	52
135	1	21	Sky	2015-08-13 15:57:54.305403	I-90 E	32.5 miles	48 min	39 min - 1 h 1 min	https://www.google.com/maps/dir/347+E+Balbo+Ave,+Chicago,+IL+60605/Gleason+Park,+3400+Jefferson+Street,+Gary,+IN+46406/@41.6450106,-87.3940989,30802m/data=!3m1!1e3!4m19!4m18!1m10!1m1!1s0x880e2b6048623d95:0x9371d5c7f43fe98e!2m2!1d-87.6173814!2d41.8732476!3m4!1m2!1d-87.5218899!2d41.6730745!3s0x8811d8bfd249459f:0x4a0c9f600c0f8f03!1m5!1m1!1s0x8811e9d33a4155a9:0xd2b45f5dbe15a037!2m2!1d-87.3406427!2d41.5638849!3e0	32.5	48
9	1	22	LS	2015-08-13 15:56:42.563164	US-41 S	29.6 miles	1 h 1 min	55 min - 1 h 12 min	https://www.google.com/maps/dir/347+E+Balbo+Ave,+Chicago,+IL+60605/598+E+Dunes+Hwy,+Gary,+IN+46402/@41.6137291,-87.4909993,15407m/data=!3m1!1e3!4m29!4m28!1m20!1m1!1s0x880e2b6048623d95:0x9371d5c7f43fe98e!2m2!1d-87.6173814!2d41.8732476!3m4!1m2!1d-87.540285!2d41.7332424!3s0x880e27ff9277de7f:0x7d0a48378c03e2d3!3m4!1m2!1d-87.5086225!2d41.6666688!3s0x8811d8daea9725c7:0x188c31d4a227606c!3m4!1m2!1d-87.433747!2d41.6384644!3s0x8811dc6ec146d873:0x5b0f756e8b5c0596!1m5!1m1!1s0x8811c24fc629e9c3:0xf804ea068e5e7b8c!2m2!1d-87.329723!2d41.6020873!3e0	29.6	61
23	1	22	BF_DR	2015-08-13 15:56:50.377048	I-80 W/I-94 W and I-94 W	41.1 miles	50 min	44 min - 1 h 3 min	https://www.google.com/maps/dir/598+E+Dunes+Hwy,+Gary,+IN+46402/347+E+Balbo+Ave,+Chicago,+IL+60605/@41.6296208,-87.553508,18415m/am=t/data=!3m1!1e3!4m21!4m20!1m10!1m1!1s0x8811c24fc629e9c3:0xf804ea068e5e7b8c!2m2!1d-87.329723!2d41.6020873!3m4!1m2!1d-87.5830917!2d41.6040481!3s0x880e21b3cf205f3d:0x34f74d26c8c045ca!1m5!1m1!1s0x880e2b6048623d95:0x9371d5c7f43fe98e!2m2!1d-87.6173814!2d41.8732476!2m1!2b1!3e0	41.1	50
80	1	22	Sky	2015-08-13 15:57:22.651416	I-90 E	30.3 miles	41 min	33 - 53 min	https://www.google.com/maps/dir/347+E+Balbo+Ave,+Chicago,+IL+60605/598+E+Dunes+Hwy,+Gary,+IN+46402/@41.7183623,-87.6285313,43560m/data=!3m1!1e3!4m19!4m18!1m10!1m1!1s0x880e2b6048623d95:0x9371d5c7f43fe98e!2m2!1d-87.6173814!2d41.8732476!3m4!1m2!1d-87.5212908!2d41.671367!3s0x8811d8bf4129bfed:0xe9a1a6b776b79943!1m5!1m1!1s0x8811c24fc629e9c3:0xf804ea068e5e7b8c!2m2!1d-87.329723!2d41.6020873!3e0	30.3	41
43	1	23	Sky	2015-08-13 15:57:01.439844	I-90 E	23.7 miles	43 min	34 - 55 min	https://www.google.com/maps/dir/347+E+Balbo+Ave,+Chicago,+IL+60605/899+E+Chicago+Ave,+East+Chicago,+IN+46312/@41.7007728,-87.5396113,21747m/data=!3m1!1e3!4m19!4m18!1m10!1m1!1s0x880e2b6048623d95:0x9371d5c7f43fe98e!2m2!1d-87.6173814!2d41.8732476!3m4!1m2!1d-87.5275249!2d41.7057664!3s0x8811d86fa1c5a6b1:0xb969c47b14cd3f23!1m5!1m1!1s0x8811de9e69995165:0xc148f9a2c0dc6d25!2m2!1d-87.4617361!2d41.6292353!3e0	23.7	43
81	1	23	BF_DR	2015-08-13 15:57:23.165727	I-94 E	25.3 miles	49 min	37 min - 1 h 7 min	https://www.google.com/maps/dir/347+E+Balbo+Ave,+Chicago,+IL+60605/899+E+Chicago+Ave,+East+Chicago,+IN+46312/@41.6258035,-87.5629628,15388m/data=!3m1!1e3!4m21!4m20!1m10!1m1!1s0x880e2b6048623d95:0x9371d5c7f43fe98e!2m2!1d-87.6173814!2d41.8732476!3m4!1m2!1d-87.5908895!2d41.6622953!3s0x880e26ce69ded745:0x1a62515ef573822b!1m5!1m1!1s0x8811de9e69995165:0xc148f9a2c0dc6d25!2m2!1d-87.4617361!2d41.6292353!2m1!2b1!3e0	25.3	49
114	1	23	LS	2015-08-13 15:57:42.167626	US-41 S	20.7 miles	47 min	41 - 57 min	https://www.google.com/maps/dir/347+E+Balbo+Ave,+Chicago,+IL+60605/899+E+Chicago+Ave,+East+Chicago,+IN+46312/@41.7251733,-87.5758964,12955m/data=!3m1!1e3!4m21!4m20!1m10!1m1!1s0x880e2b6048623d95:0x9371d5c7f43fe98e!2m2!1d-87.6173814!2d41.8732476!3m4!1m2!1d-87.5411493!2d41.7273333!3s0x880e27f8fa97f937:0xeeef6d39d159c414!1m5!1m1!1s0x8811de9e69995165:0xc148f9a2c0dc6d25!2m2!1d-87.4617361!2d41.6292353!2m1!2b1!3e0	20.7	47
75	1	24	BF_DR	2015-08-13 15:57:19.591640	I-94 E	46.2 miles	1 h 13 min	59 min - 1 h 34 min	https://www.google.com/maps/dir/347+E+Balbo+Ave,+Chicago,+IL+60605/14500+Morse+St,+Cedar+Lake,+IN+46303/@41.6108973,-87.5853252,30829m/data=!3m1!1e3!4m19!4m18!1m10!1m1!1s0x880e2b6048623d95:0x9371d5c7f43fe98e!2m2!1d-87.6173814!2d41.8732476!3m4!1m2!1d-87.5831618!2d41.5499012!3s0x880e1f0b70af4f9b:0x55c8c29d6dbd448c!1m5!1m1!1s0x8811fbb4df27c617:0x9c37d3a830923b1c!2m2!1d-87.4218064!2d41.3551184!3e0	46.2	73
92	1	24	Sky	2015-08-13 15:57:29.481310	I-90 E and I-65 S	55.7 miles	1 h 12 min	1 h 4 min - 1 h 27 min	https://www.google.com/maps/dir/347+E+Balbo+Ave,+Chicago,+IL+60605/14500+Morse+St,+Cedar+Lake,+IN+46303/@41.6964373,-87.6194688,18348m/am=t/data=!3m1!1e3!4m19!4m18!1m10!1m1!1s0x880e2b6048623d95:0x9371d5c7f43fe98e!2m2!1d-87.6173814!2d41.8732476!3m4!1m2!1d-87.5422624!2d41.7173821!3s0x880e27f5aab3504d:0x98e573beb5c56887!1m5!1m1!1s0x8811fbb4df27c617:0x9c37d3a830923b1c!2m2!1d-87.4218064!2d41.3551184!3e0	55.7	72
151	1	24	LS	2015-08-13 15:58:03.481098	US-41 S	43.5 miles	1 h 32 min	1 h 24 min - 1 h 50 min	https://www.google.com/maps/dir/347+E+Balbo+Ave,+Chicago,+IL+60605/14500+Morse+St,+Cedar+Lake,+IN+46303/@41.5348967,-87.5221127,61769m/data=!3m1!1e3!4m24!4m23!1m15!1m1!1s0x880e2b6048623d95:0x9371d5c7f43fe98e!2m2!1d-87.6173814!2d41.8732476!3m4!1m2!1d-87.5380925!2d41.7262429!3s0x8811d807bcdf21e3:0x680a8e1bca86fda9!3m4!1m2!1d-87.4696152!2d41.651274!3s0x8811dead7f1d055f:0x6ab3164aa028d04!1m5!1m1!1s0x8811fbb4df27c617:0x9c37d3a830923b1c!2m2!1d-87.4218064!2d41.3551184!3e0	43.5	92
20	1	25	BF_DR	2015-08-13 15:56:48.564607	I-94 E	67.5 miles	1 h 24 min	1 h 10 min - 1 h 44 min	https://www.google.com/maps/dir/347+E+Balbo+Ave,+Chicago,+IL+60605/199+E+Indiana+Ave,+Kouts,+IN+46347/@41.5832168,-87.4841799,25929m/data=!3m1!1e3!4m21!4m20!1m10!1m1!1s0x880e2b6048623d95:0x9371d5c7f43fe98e!2m2!1d-87.6173814!2d41.8732476!3m4!1m2!1d-87.5507615!2d41.5776553!3s0x880e201d02adf91b:0x93da92e48deb4ae3!1m5!1m1!1s0x8811867e866ea59f:0x18dd56f7f4a462dd!2m2!1d-87.0246114!2d41.3183005!2m1!2b1!3e0	67.5	84
39	1	25	Sky	2015-08-13 15:56:59.451683	I-90 E and IN-49 S	64.8 miles	1 h 17 min	1 h 8 min - 1 h 34 min	https://www.google.com/maps/dir/347+E+Balbo+Ave,+Chicago,+IL+60605/199+E+Indiana+Ave,+Kouts,+IN+46347/@41.6928297,-87.5041775,15443m/am=t/data=!3m1!1e3!4m19!4m18!1m10!1m1!1s0x880e2b6048623d95:0x9371d5c7f43fe98e!2m2!1d-87.6173814!2d41.8732476!3m4!1m2!1d-87.5284818!2d41.7070226!3s0x8811d86e23b7d341:0xbab1a08fff96ef02!1m5!1m1!1s0x8811867e866ea59f:0x18dd56f7f4a462dd!2m2!1d-87.0246114!2d41.3183005!3e0	64.8	77
97	1	25	LS	2015-08-13 15:57:32.427297	IN-49 S	65.1 miles	1 h 53 min	1 h 43 min - 2 h 10 min	https://www.google.com/maps/dir/347+E+Balbo+Ave,+Chicago,+IL+60605/199+E+Indiana+Ave,+Kouts,+IN+46347/@41.5742453,-87.4646816,36675m/data=!3m1!1e3!4m21!4m20!1m10!1m1!1s0x880e2b6048623d95:0x9371d5c7f43fe98e!2m2!1d-87.6173814!2d41.8732476!3m4!1m2!1d-87.1281889!2d41.6009192!3s0x8811bdcc1ab17677:0xf13ac9e512ac3c5!1m5!1m1!1s0x8811867e866ea59f:0x18dd56f7f4a462dd!2m2!1d-87.0246114!2d41.3183005!2m1!1b1!3e0	65.1	113
93	1	26	BF_DR	2015-08-13 15:57:30.032946	I-94 E	46.3 miles	1 h 3 min	49 min - 1 h 27 min	https://www.google.com/maps/dir/41.8732155,-87.620362/41.5881995,-87.1836656/@41.7201379,-87.5506437,11z/data=!3m1!4b1!4m4!4m3!2m1!2b1!3e0	46.3	63
130	1	26	LS	2015-08-13 15:57:51.661892	US-41 S and I-94 E	42.0 miles	1 h 10 min	1 h 3 min - 1 h 26 min	https://www.google.com/maps/dir/41.8732155,-87.620362/41.5888116,-87.1833698/@41.7212402,-87.4514645,15391m/data=!3m1!1e3!4m16!4m15!1m10!3m4!1m2!1d-87.5412701!2d41.727406!3s0x880e27f8fa97f937:0xeeef6d39d159c414!3m4!1m2!1d-87.4944331!2d41.6613107!3s0x8811d928e2754e75:0xca22541b32f43c61!1m0!2m1!2b1!3e0	42.0	70
149	1	26	Sky	2015-08-13 15:58:02.067242	I-90 E	40.2 miles	49 min	42 min - 1 h 3 min	https://www.google.com/maps/dir/347+E+Balbo+Ave,+Chicago,+IL+60605/2269+Willowcreek+Rd,+Portage,+IN+46368/@41.7173741,-87.5847886,12.25z/data=!4m19!4m18!1m10!1m1!1s0x880e2b6048623d95:0x9371d5c7f43fe98e!2m2!1d-87.6173814!2d41.8732476!3m4!1m2!1d-87.5409594!2d41.7165016!3s0x880e27f56cfaf111:0xbeb41bf63c23b2f1!1m5!1m1!1s0x8811bfb53e3653db:0x35f704fa2c55febd!2m2!1d-87.1833516!2d41.5883304!3e0	40.2	49
24	2	20	BF_DR	2015-08-13 15:56:50.962932	I-94 E	33.9 miles	1 h 36 min	50 min - 2 h 41 min	https://www.google.com/maps/dir/8006+N+Milwaukee+Ave,+Niles,+IL+60714/41.658386,+-87.559140/@41.7192261,-87.9337555,83344m/data=!3m1!1e3!4m19!4m18!1m10!1m1!1s0x880fc8f86bf6216b:0x6e84f0a62d067bcb!2m2!1d-87.814749!2d42.026266!3m4!1m2!1d-87.5865888!2d41.6602948!3s0x880e26d22d30fddb:0x6573a2958d5735f8!1m5!1m1!1s0x0:0x0!2m2!1d-87.55914!2d41.658386!3e0	33.9	96
82	2	20	Sky	2015-08-13 15:57:23.678406	I-94 E	32.6 miles	1 h 34 min	54 min - 2 h 25 min	https://www.google.com/maps/dir/8006+N+Milwaukee+Ave,+Niles,+IL+60714/41.658386,+-87.559140/@41.7849027,-87.6119851,21731m/data=!3m1!1e3!4m19!4m18!1m10!1m1!1s0x880fc8f86bf6216b:0x6e84f0a62d067bcb!2m2!1d-87.814749!2d42.026266!3m4!1m2!1d-87.5520522!2d41.7250842!3s0x880e27e590618dab:0xfce64340c09bf1be!1m5!1m1!1s0x0:0x0!2m2!1d-87.55914!2d41.658386!3e0	32.6	94
111	2	20	TRI	2015-08-13 15:57:40.499505	I-294 S	53.5 miles	1 h 31 min	1 h - 2 h 9 min	https://www.google.com/maps/dir/8006+N+Milwaukee+Ave,+Niles,+IL+60714/41.658386,+-87.559140/@41.656215,-87.749129,25864m/am=t/data=!3m1!1e3!4m19!4m18!1m10!1m1!1s0x880fc8f86bf6216b:0x6e84f0a62d067bcb!2m2!1d-87.814749!2d42.026266!3m4!1m2!1d-87.7769586!2d41.6805425!3s0x880e396019cd67ad:0xb52d4ac15e90eb0f!1m5!1m1!1s0x0:0x0!2m2!1d-87.55914!2d41.658386!3e0	53.5	91
84	2	21	TRI	2015-08-13 15:57:24.876901	I-294 S	59.8 miles	1 h 39 min	1 h 7 min - 2 h 20 min	https://www.google.com/maps/dir/8006+N+Milwaukee+Ave,+Niles,+IL+60714/Gleason+Park,+3400+Jefferson+Street,+Gary,+IN+46406/@41.6801193,-87.8095375,30766m/am=t/data=!3m1!1e3!4m19!4m18!1m10!1m1!1s0x880fc8f86bf6216b:0x6e84f0a62d067bcb!2m2!1d-87.814749!2d42.026266!3m4!1m2!1d-87.7837756!2d41.6915663!3s0x880e397a24e675f1:0xa5c02153a14634f5!1m5!1m1!1s0x8811e9d33a4155a9:0xd2b45f5dbe15a037!2m2!1d-87.3406427!2d41.5638849!3e0	59.8	99
131	2	21	BF_DR	2015-08-13 15:57:52.143891	I-94 E	51.3 miles	1 h 56 min	1 h 7 min - 3 h	https://www.google.com/maps/dir/8006+N+Milwaukee+Ave,+Niles,+IL+60714/Gleason+Park,+3400+Jefferson+Street,+Gary,+IN+46406/@41.706777,-87.5284905,25849m/am=t/data=!3m1!1e3!4m19!4m18!1m10!1m1!1s0x880fc8f86bf6216b:0x6e84f0a62d067bcb!2m2!1d-87.814749!2d42.026266!3m4!1m2!1d-87.5984156!2d41.6932334!3s0x880e26f53d7849a5:0xd2a758ebbab7f3e5!1m5!1m1!1s0x8811e9d33a4155a9:0xd2b45f5dbe15a037!2m2!1d-87.3406427!2d41.5638849!3e0	51.3	116
136	2	21	Sky	2015-08-13 15:57:54.831666	I-94 E and I-90 E	47.1 miles	1 h 46 min	1 h 6 min - 2 h 39 min	https://www.google.com/maps/dir/8006+N+Milwaukee+Ave,+Niles,+IL+60714/Gleason+Park,+3400+Jefferson+Street,+Gary,+IN+46406/@41.7445949,-87.4564199,43496m/data=!3m1!1e3!4m19!4m18!1m10!1m1!1s0x880fc8f86bf6216b:0x6e84f0a62d067bcb!2m2!1d-87.814749!2d42.026266!3m4!1m2!1d-87.544998!2d41.719227!3s0x880e27f40bfb3b1f:0xa2fe9b4360012d93!1m5!1m1!1s0x8811e9d33a4155a9:0xd2b45f5dbe15a037!2m2!1d-87.3406427!2d41.5638849!3e0	47.1	106
91	2	22	TRI	2015-08-13 15:57:28.786591	I-294 S	61.9 miles	1 h 44 min	1 h 10 min - 2 h 25 min	https://www.google.com/maps/dir/8006+N+Milwaukee+Ave,+Niles,+IL+60714/598+E+Dunes+Hwy,+Gary,+IN+46402/@41.647919,-87.6336449,18321m/data=!3m1!1e3!4m19!4m18!1m10!1m1!1s0x880fc8f86bf6216b:0x6e84f0a62d067bcb!2m2!1d-87.814749!2d42.026266!3m4!1m2!1d-87.7256426!2d41.6525248!3s0x880e3c9b68682dfb:0x80929c4d2fe57b1f!1m5!1m1!1s0x8811c24fc629e9c3:0xf804ea068e5e7b8c!2m2!1d-87.329723!2d41.6020873!3e0	61.9	104
143	2	22	BF_DR	2015-08-13 15:57:58.777257	I-94 E	53.4 miles	2 h 1 min	1 h 10 min - 3 h 6 min	https://www.google.com/maps/dir/8006+N+Milwaukee+Ave,+Niles,+IL+60714/41.6020866,-87.3300111/@41.6005653,-87.3174848,2287m/data=!3m1!1e3!4m14!4m13!1m10!1m1!1s0x880fc8f86bf6216b:0x6e84f0a62d067bcb!2m2!1d-87.814749!2d42.026266!3m4!1m2!1d-87.5920499!2d41.705421!3s0x880e265b77c47ec7:0xbfe801e794ffcf1e!1m0!3e0	53.4	121
153	2	22	Sky	2015-08-13 15:58:04.578361	I-94 E and I-90 E	44.9 miles	1 h 40 min	1 h 1 min - 2 h 34 min	https://www.google.com/maps/dir/8006+N+Milwaukee+Ave,+Niles,+IL+60714/598+E+Dunes+Hwy,+Gary,+IN+46402/@41.6999267,-87.5579962,9140m/data=!3m1!1e3!4m19!4m18!1m10!1m1!1s0x880fc8f86bf6216b:0x6e84f0a62d067bcb!2m2!1d-87.814749!2d42.026266!3m4!1m2!1d-87.5227667!2d41.6998033!3s0x8811d866eb7a6483:0x72ae1e638b7c2835!1m5!1m1!1s0x8811c24fc629e9c3:0xf804ea068e5e7b8c!2m2!1d-87.329723!2d41.6020873!3e0	44.9	100
8	2	23	BF_DR	2015-08-13 15:56:41.909535	I-94 E	39.9 miles	1 h 49 min	1 h 4 min - 3 h 1 min	https://www.google.com/maps/dir/8006+N+Milwaukee+Ave,+Niles,+IL+60714/899+E+Chicago+Ave,+East+Chicago,+IN+46312/@41.66785,-87.6022936,30734m/data=!3m1!1e3!4m16!4m15!1m5!1m1!1s0x880fc8f86bf6216b:0x6e84f0a62d067bcb!2m2!1d-87.814749!2d42.026266!1m5!1m1!1s0x8811de9e69995165:0xc148f9a2c0dc6d25!2m2!1d-87.4617361!2d41.6292353!2m1!2b1!3e0	39.9	109
13	2	23	TRI	2015-08-13 15:56:44.704986	I-294 S	56.5 miles	1 h 40 min	1 h 8 min - 2 h 20 min	https://www.google.com/maps/dir/8006+N+Milwaukee+Ave,+Niles,+IL+60714/899+E+Chicago+Ave,+East+Chicago,+IN+46312/@41.6285689,-87.7117855,25840m/data=!3m1!1e3!4m19!4m18!1m10!1m1!1s0x880fc8f86bf6216b:0x6e84f0a62d067bcb!2m2!1d-87.814749!2d42.026266!3m4!1m2!1d-87.6817913!2d41.6075733!3s0x880e22c34027ea37:0xbe687a4fbcb4d467!1m5!1m1!1s0x8811de9e69995165:0xc148f9a2c0dc6d25!2m2!1d-87.4617361!2d41.6292353!3e0	56.5	100
26	2	23	Sky	2015-08-13 15:56:52.027976	I-94 E and I-90 E	37.9 miles	1 h 37 min	57 min - 2 h 29 min	https://www.google.com/maps/dir/8006+N+Milwaukee+Ave,+Niles,+IL+60714/899+E+Chicago+Ave,+East+Chicago,+IN+46312/@41.7243547,-87.5461616,12942m/data=!3m1!1e3!4m19!4m18!1m10!1m1!1s0x880fc8f86bf6216b:0x6e84f0a62d067bcb!2m2!1d-87.814749!2d42.026266!3m4!1m2!1d-87.5415101!2d41.7168761!3s0x880e27f5aab3504d:0x98e573beb5c56887!1m5!1m1!1s0x8811de9e69995165:0xc148f9a2c0dc6d25!2m2!1d-87.4617361!2d41.6292353!3e0	37.9	97
49	2	24	Sky	2015-08-13 15:57:05.316339	I-90 E	70.3 miles	2 h 10 min	1 h 30 min - 3 h 6 min	https://www.google.com/maps/dir/8006+N+Milwaukee+Ave,+Niles,+IL+60714/14500+Morse+St,+Cedar+Lake,+IN+46303/@41.7405366,-87.5469004,18317m/data=!3m1!1e3!4m19!4m18!1m10!1m1!1s0x880fc8f86bf6216b:0x6e84f0a62d067bcb!2m2!1d-87.814749!2d42.026266!3m4!1m2!1d-87.542718!2d41.7176885!3s0x880e27f40bfb3b1f:0xa2fe9b4360012d93!1m5!1m1!1s0x8811fbb4df27c617:0x9c37d3a830923b1c!2m2!1d-87.4218064!2d41.3551184!3e0	70.3	130
54	2	24	BF_DR	2015-08-13 15:57:08.072613	I-94 E	60.8 miles	2 h 17 min	1 h 26 min - 3 h 26 min	https://www.google.com/maps/dir/8006+N+Milwaukee+Ave,+Niles,+IL+60714/14500+Morse+St,+Cedar+Lake,+IN+46303/@41.590884,-87.5704798,15419m/am=t/data=!3m1!1e3!4m21!4m20!1m10!1m1!1s0x880fc8f86bf6216b:0x6e84f0a62d067bcb!2m2!1d-87.814749!2d42.026266!3m4!1m2!1d-87.5785576!2d41.6373308!3s0x880e20df8559ea03:0xf2d3524892d84c03!1m5!1m1!1s0x8811fbb4df27c617:0x9c37d3a830923b1c!2m2!1d-87.4218064!2d41.3551184!2m1!2b1!3e0	60.8	137
146	2	24	TRI	2015-08-13 15:58:00.321611	I-294 S	69.0 miles	1 h 59 min	1 h 26 min - 2 h 45 min	https://www.google.com/maps/dir/8006+N+Milwaukee+Ave,+Niles,+IL+60714/14500+Morse+St,+Cedar+Lake,+IN+46303/@41.6089977,-87.6729212,7703m/data=!3m1!1e3!4m24!4m23!1m15!1m1!1s0x880fc8f86bf6216b:0x6e84f0a62d067bcb!2m2!1d-87.814749!2d42.026266!3m4!1m2!1d-87.6815961!2d41.6064098!3s0x880e22c34027ea37:0xbe687a4fbcb4d467!3m4!1m2!1d-87.5836765!2d41.5566289!3s0x880e1f0b70af4f9b:0x55c8c29d6dbd448c!1m5!1m1!1s0x8811fbb4df27c617:0x9c37d3a830923b1c!2m2!1d-87.4218064!2d41.3551184!3e0	69.0	119
46	2	25	BF_DR	2015-08-13 15:57:03.191414	I-94 E	82.1 miles	2 h 27 min	1 h 37 min - 3 h 33 min	https://www.google.com/maps/dir/8006+N+Milwaukee+Ave,+Niles,+IL+60714/199+E+Indiana+Ave,+Kouts,+IN+46347/@41.4632641,-87.4067821,43610m/data=!3m1!1e3!4m16!4m15!1m5!1m1!1s0x880fc8f86bf6216b:0x6e84f0a62d067bcb!2m2!1d-87.814749!2d42.026266!1m5!1m1!1s0x8811867e866ea59f:0x18dd56f7f4a462dd!2m2!1d-87.0246114!2d41.3183005!2m1!2b1!3e0	82.1	147
102	2	25	Sky	2015-08-13 15:57:34.995600	I-90 E	79.4 miles	2 h 14 min	1 h 34 min - 3 h 12 min	https://www.google.com/maps/dir/8006+N+Milwaukee+Ave,+Niles,+IL+60714/199+E+Indiana+Ave,+Kouts,+IN+46347/@41.6548483,-87.6799191,30806m/data=!3m1!1e3!4m19!4m18!1m10!1m1!1s0x880fc8f86bf6216b:0x6e84f0a62d067bcb!2m2!1d-87.814749!2d42.026266!3m4!1m2!1d-87.5203988!2d41.6688432!3s0x8811d8bf4129bfed:0xe9a1a6b776b79943!1m5!1m1!1s0x8811867e866ea59f:0x18dd56f7f4a462dd!2m2!1d-87.0246114!2d41.3183005!3e0	79.4	134
115	2	25	TRI	2015-08-13 15:57:43.019824	I-294 S	90.6 miles	2 h 11 min	1 h 37 min - 2 h 55 min	https://www.google.com/maps/dir/8006+N+Milwaukee+Ave,+Niles,+IL+60714/199+E+Indiana+Ave,+Kouts,+IN+46347/@41.6381731,-87.7065934,2725m/data=!3m1!1e3!4m19!4m18!1m10!1m1!1s0x880fc8f86bf6216b:0x6e84f0a62d067bcb!2m2!1d-87.814749!2d42.026266!3m4!1m2!1d-87.6895525!2d41.6223236!3s0x880e232f2bccdb83:0x9608ca9f259b62be!1m5!1m1!1s0x8811867e866ea59f:0x18dd56f7f4a462dd!2m2!1d-87.0246114!2d41.3183005!3e0	90.6	131
77	2	26	TRI	2015-08-13 15:57:20.824584	I-294 S and I-80 E	69.1 miles	1 h 48 min	1 h 14 min - 2 h 30 min	https://www.google.com/maps/dir/Niles,+IL+60714/41.5881995,-87.1836656/@41.6244224,-87.7029592,12.75z/data=!4m14!4m13!1m10!1m1!1s0x880fc8f84469e011:0xedc834dbc6e869eb!2m2!1d-87.8139926!2d42.026102!3m4!1m2!1d-87.6826427!2d41.6100655!3s0x880e22db8fead595:0xdabd79aa1379a502!1m0!3e0	69.1	108
109	2	26	BF_DR	2015-08-13 15:57:39.263777	I-94 E	60.4 miles	2 h 6 min	1 h 15 min - 3 h 10 min	https://www.google.com/maps/dir/Niles,+IL+60714/41.5881995,-87.1836656/@41.6797594,-87.5536742,12.75z/data=!4m14!4m13!1m10!1m1!1s0x880fc8f84469e011:0xedc834dbc6e869eb!2m2!1d-87.8139926!2d42.026102!3m4!1m2!1d-87.5962554!2d41.6685264!3s0x880e26c723dda8bf:0x5f993ad976201c08!1m0!3e0	60.4	126
122	2	26	Sky	2015-08-13 15:57:47.311473	I-90 W	54.1 miles	1 h 36 min	1 h 7 min - 2 h 43 min	https://www.google.com/maps/dir/41.5881995,-87.1836656/Niles,+IL+60714/@41.6666556,-87.5181666,14.25z/data=!4m14!4m13!1m5!3m4!1m2!1d-87.5200466!2d41.6685829!3s0x8811d8bf43966913:0x6b98833cdc1c4d67!1m5!1m1!1s0x880fc8f84469e011:0xedc834dbc6e869eb!2m2!1d-87.8139926!2d42.026102!3e0	54.1	96
34	3	20	TRI	2015-08-13 15:56:56.437793	I-294 S	52.6 miles	1 h 4 min	54 min - 1 h 18 min	https://www.google.com/maps/dir/189+Fullerton+Ave,+Glendale+Heights,+IL+60139/41.658386,+-87.559140/@41.6062151,-87.6890307,3236m/data=!3m1!1e3!4m19!4m18!1m10!1m1!1s0x880faca4b73fe245:0xe2ddecf941bf48a1!2m2!1d-88.0803339!2d41.9175625!3m4!1m2!1d-87.6812648!2d41.6040768!3s0x880e22c3c48368ed:0xb33f749bb2239b51!1m5!1m1!1s0x0:0x0!2m2!1d-87.55914!2d41.658386!3e0	52.6	64
103	3	20	Sky	2015-08-13 15:57:35.657197	I-290 E	48.1 miles	1 h 40 min	1 h 4 min - 2 h 17 min	https://www.google.com/maps/dir/189+Fullerton+Ave,+Glendale+Heights,+IL+60139/41.658386,+-87.559140/@41.7200129,-87.5747743,10898m/data=!3m1!1e3!4m19!4m18!1m10!1m1!1s0x880faca4b73fe245:0xe2ddecf941bf48a1!2m2!1d-88.0803339!2d41.9175625!3m4!1m2!1d-87.5550489!2d41.7272184!3s0x880e27e68976a87f:0xe47302de630872e8!1m5!1m1!1s0x0:0x0!2m2!1d-87.55914!2d41.658386!3e0	48.1	100
119	3	20	BF_DR	2015-08-13 15:57:45.384189	I-290 E	49.4 miles	1 h 43 min	1 h - 2 h 32 min	https://www.google.com/maps/dir/189+Fullerton+Ave,+Glendale+Heights,+IL+60139/41.658386,+-87.559140/@41.7338985,-87.6368285,21808m/data=!3m1!1e3!4m19!4m18!1m10!1m1!1s0x880faca4b73fe245:0xe2ddecf941bf48a1!2m2!1d-88.0803339!2d41.9175625!3m4!1m2!1d-87.6318599!2d41.8063177!3s0x880e2ea4c43b6ad5:0x7e1b1b997109886c!1m5!1m1!1s0x0:0x0!2m2!1d-87.55914!2d41.658386!3e0	49.4	103
59	3	21	TRI	2015-08-13 15:57:10.569040	I-294 S	58.9 miles	1 h 12 min	1 h - 1 h 29 min	https://www.google.com/maps/dir/189+Fullerton+Ave,+Glendale+Heights,+IL+60139/Gleason+Park,+3400+Jefferson+Street,+Gary,+IN+46406/@41.6657813,-87.7540556,4582m/data=!3m1!1e3!4m19!4m18!1m10!1m1!1s0x880faca4b73fe245:0xe2ddecf941bf48a1!2m2!1d-88.0803339!2d41.9175625!3m4!1m2!1d-87.7556479!2d41.667851!3s0x880e3bee57eb3a97:0x3fcb7802ce89dbe9!1m5!1m1!1s0x8811e9d33a4155a9:0xd2b45f5dbe15a037!2m2!1d-87.3406427!2d41.5638849!3e0	58.9	72
65	3	21	Sky	2015-08-13 15:57:14.107284	I-90 E	69.9 miles	2 h 5 min	1 h 28 min - 2 h 47 min	https://www.google.com/maps/dir/189+Fullerton+Ave,+Glendale+Heights,+IL+60139/Gleason+Park,+3400+Jefferson+Street,+Gary,+IN+46406/@41.6345185,-87.6253231,43593m/data=!3m1!1e3!4m19!4m18!1m10!1m1!1s0x880faca4b73fe245:0xe2ddecf941bf48a1!2m2!1d-88.0803339!2d41.9175625!3m4!1m2!1d-87.5499136!2d41.7239699!3s0x880e27efe3f2a53d:0x6e6547dd38cdec18!1m5!1m1!1s0x8811e9d33a4155a9:0xd2b45f5dbe15a037!2m2!1d-87.3406427!2d41.5638849!3e0	69.9	125
99	3	22	TRI	2015-08-13 15:57:33.450139	I-294 S	61.0 miles	1 h 17 min	1 h 4 min - 1 h 37 min	https://www.google.com/maps/dir/189+Fullerton+Ave,+Glendale+Heights,+IL+60139/598+E+Dunes+Hwy,+Gary,+IN+46402/@41.6158657,-87.7326511,15409m/data=!3m1!1e3!4m19!4m18!1m10!1m1!1s0x880faca4b73fe245:0xe2ddecf941bf48a1!2m2!1d-88.0803339!2d41.9175625!3m4!1m2!1d-87.7253113!2d41.6519397!3s0x880e3c9b13abcd19:0x3ca3c2c7bf9d6fca!1m5!1m1!1s0x8811c24fc629e9c3:0xf804ea068e5e7b8c!2m2!1d-87.329723!2d41.6020873!3e0	61.0	77
101	3	22	Sky	2015-08-13 15:57:34.557315	I-90 E	60.4 miles	1 h 46 min	1 h 10 min - 2 h 24 min	https://www.google.com/maps/dir/189+Fullerton+Ave,+Glendale+Heights,+IL+60139/598+E+Dunes+Hwy,+Gary,+IN+46402/@41.6891333,-87.6829891,21763m/data=!3m1!1e3!4m19!4m18!1m10!1m1!1s0x880faca4b73fe245:0xe2ddecf941bf48a1!2m2!1d-88.0803339!2d41.9175625!3m4!1m2!1d-87.5206541!2d41.6695655!3s0x8811d8bf4129bfed:0xe9a1a6b776b79943!1m5!1m1!1s0x8811c24fc629e9c3:0xf804ea068e5e7b8c!2m2!1d-87.329723!2d41.6020873!3e0	60.4	106
96	3	23	TRI	2015-08-13 15:57:31.663092	I-294 S	55.7 miles	1 h 13 min	1 h 1 min - 1 h 30 min	https://www.google.com/maps/dir/189+Fullerton+Ave,+Glendale+Heights,+IL+60139/899+E+Chicago+Ave,+East+Chicago,+IN+46312/@41.6201772,-87.7299422,30780m/data=!3m1!1e3!4m19!4m18!1m10!1m1!1s0x880faca4b73fe245:0xe2ddecf941bf48a1!2m2!1d-88.0803339!2d41.9175625!3m4!1m2!1d-87.7251829!2d41.6516994!3s0x880e3c9b05144d9f:0xaf5b7e60492537c6!1m5!1m1!1s0x8811de9e69995165:0xc148f9a2c0dc6d25!2m2!1d-87.4617361!2d41.6292353!3e0	55.7	73
154	3	23	Sky	2015-08-13 15:58:05.347750	I-290 E	53.4 miles	1 h 43 min	1 h 7 min - 2 h 21 min	https://www.google.com/maps/dir/189+Fullerton+Ave,+Glendale+Heights,+IL+60139/899+E+Chicago+Ave,+East+Chicago,+IN+46312/@41.6831496,-87.59187,21752m/data=!3m1!1e3!4m19!4m18!1m10!1m1!1s0x880faca4b73fe245:0xe2ddecf941bf48a1!2m2!1d-88.0803339!2d41.9175625!3m4!1m2!1d-87.5206831!2d41.6696476!3s0x8811d8bf4129bfed:0xe9a1a6b776b79943!1m5!1m1!1s0x8811de9e69995165:0xc148f9a2c0dc6d25!2m2!1d-87.4617361!2d41.6292353!3e0	53.4	103
138	3	24	Sky	2015-08-13 15:57:56.106077	I-90 E	85.8 miles	2 h 16 min	1 h 40 min - 2 h 58 min	https://www.google.com/maps/dir/189+Fullerton+Ave,+Glendale+Heights,+IL+60139/14500+Morse+St,+Cedar+Lake,+IN+46303/@41.6441571,-87.6863305,21787m/data=!3m1!1e3!4m19!4m18!1m10!1m1!1s0x880faca4b73fe245:0xe2ddecf941bf48a1!2m2!1d-88.0803339!2d41.9175625!3m4!1m2!1d-87.5198319!2d41.6672388!3s0x8811d8c7efa45113:0x65455df9652b3d6!1m5!1m1!1s0x8811fbb4df27c617:0x9c37d3a830923b1c!2m2!1d-87.4218064!2d41.3551184!3e0	85.8	136
150	3	24	BF_DR	2015-08-13 15:58:02.677333	I-290 E	74.6 miles	2 h 21 min	1 h 37 min - 3 h 45 min	https://www.google.com/maps/dir/189+Fullerton+Ave,+Glendale+Heights,+IL+60139/14500+Morse+St,+Cedar+Lake,+IN+46303/@41.4738728,-87.5924232,36643m/data=!3m1!1e3!4m21!4m20!1m10!1m1!1s0x880faca4b73fe245:0xe2ddecf941bf48a1!2m2!1d-88.0803339!2d41.9175625!3m4!1m2!1d-87.5211342!2d41.4356071!3s0x8811e2959c1b780d:0x5adc48436e904956!1m5!1m1!1s0x8811fbb4df27c617:0x9c37d3a830923b1c!2m2!1d-87.4218064!2d41.3551184!2m1!2b1!3e0	74.6	141
160	3	24	TRI	2015-08-13 15:58:08.703641	I-294 S	68.1 miles	1 h 34 min	1 h 19 min - 1 h 55 min	https://www.google.com/maps/dir/189+Fullerton+Ave,+Glendale+Heights,+IL+60139/14500+Morse+St,+Cedar+Lake,+IN+46303/@41.6179413,-87.7475784,15430m/data=!3m1!1e3!4m19!4m18!1m10!1m1!1s0x880faca4b73fe245:0xe2ddecf941bf48a1!2m2!1d-88.0803339!2d41.9175625!3m4!1m2!1d-87.7253857!2d41.6520712!3s0x880e3c9b13abcd19:0x3ca3c2c7bf9d6fca!1m5!1m1!1s0x8811fbb4df27c617:0x9c37d3a830923b1c!2m2!1d-87.4218064!2d41.3551184!3e0	68.1	94
29	3	25	TRI	2015-08-13 15:56:53.633420	I-294 S	89.7 miles	1 h 43 min	1 h 30 min - 2 h 4 min	https://www.google.com/maps/dir/189+Fullerton+Ave,+Glendale+Heights,+IL+60139/199+E+Indiana+Ave,+Kouts,+IN+46347/@41.6108226,-87.7230814,12984m/data=!3m1!1e3!4m19!4m18!1m10!1m1!1s0x880faca4b73fe245:0xe2ddecf941bf48a1!2m2!1d-88.0803339!2d41.9175625!3m4!1m2!1d-87.725502!2d41.6522766!3s0x880e3c9b13abcd19:0x3ca3c2c7bf9d6fca!1m5!1m1!1s0x8811867e866ea59f:0x18dd56f7f4a462dd!2m2!1d-87.0246114!2d41.3183005!3e0	89.7	103
100	3	25	Sky	2015-08-13 15:57:34.026723	I-90 E	94.9 miles	2 h 21 min	1 h 44 min - 3 h 4 min	https://www.google.com/maps/dir/189+Fullerton+Ave,+Glendale+Heights,+IL+60139/199+E+Indiana+Ave,+Kouts,+IN+46347/@41.6650048,-87.6127608,25912m/data=!3m1!1e3!4m19!4m18!1m10!1m1!1s0x880faca4b73fe245:0xe2ddecf941bf48a1!2m2!1d-88.0803339!2d41.9175625!3m4!1m2!1d-87.5208589!2d41.6701449!3s0x8811d8bf4129bfed:0xe9a1a6b776b79943!1m5!1m1!1s0x8811867e866ea59f:0x18dd56f7f4a462dd!2m2!1d-87.0246114!2d41.3183005!3e0	94.9	141
64	3	26	TRI	2015-08-13 15:57:13.568942	I-294 S and I-80 E	68.2 miles	1 h 21 min	1 h 8 min - 1 h 40 min	https://www.google.com/maps/dir/Glendale+Heights,+IL+60139/41.5881995,-87.1836656/@41.6109297,-87.7194166,12.75z/data=!4m14!4m13!1m10!1m1!1s0x880faca4bef686ed:0x2f675883a2272136!2m2!1d-88.0813785!2d41.9175173!3m4!1m2!1d-87.7251644!2d41.6516607!3s0x880e3c9b05144d9f:0xaf5b7e60492537c6!1m0!3e0	68.2	81
79	3	26	Sky	2015-08-13 15:57:22.002313	I-90 E	70.2 miles	1 h 53 min	1 h 18 min - 2 h 33 min	https://www.google.com/maps/dir/Glendale+Heights,+IL+60139/41.5881995,-87.1836656/@41.6707077,-87.6618258,12z/data=!4m14!4m13!1m10!1m1!1s0x880faca4bef686ed:0x2f675883a2272136!2m2!1d-88.0813785!2d41.9175173!3m4!1m2!1d-87.520385!2d41.6688043!3s0x8811d8bf4129bfed:0xe9a1a6b776b79943!1m0!3e0	70.2	113
94	4	20	BF_DR	2015-08-13 15:57:30.549587	I-94 E	15.1 miles	33 min	26 - 46 min	https://www.google.com/maps/dir/5527+S+Kimbark+Ave,+Chicago,+IL+60637/41.658386,+-87.559140/@41.7304322,-87.6522639,21768m/data=!3m1!1e3!4m19!4m18!1m10!1m1!1s0x880e2914a3cdd94d:0x8367567039a0c5e1!2m2!1d-87.594302!2d41.794155!3m4!1m2!1d-87.5945045!2d41.7105107!3s0x880e26416642eb95:0xa6e526788be0fccc!1m5!1m1!1s0x0:0x0!2m2!1d-87.55914!2d41.658386!3e0	15.1	33
108	4	20	Sky	2015-08-13 15:57:38.547100	S Torrence Ave	10.8 miles	28 min	26 - 35 min	https://www.google.com/maps/dir/5527+S+Kimbark+Ave,+Chicago,+IL+60637/41.658386,+-87.559140/@41.7030618,-87.5865966,9163m/data=!3m1!1e3!4m19!4m18!1m10!1m1!1s0x880e2914a3cdd94d:0x8367567039a0c5e1!2m2!1d-87.594302!2d41.794155!3m4!1m2!1d-87.5595633!2d41.700255!3s0x880e27a201c744c3:0x545c2cdde974206b!1m5!1m1!1s0x0:0x0!2m2!1d-87.55914!2d41.658386!3e0	10.8	28
133	4	20	BF	2015-08-13 15:57:53.249012	S Stony Island Ave	12.1 miles	30 min	26 - 41 min	https://www.google.com/maps/dir/5527+S+Kimbark+Ave,+Chicago,+IL+60637/41.658386,+-87.559140/@41.6770288,-87.5760899,10903m/data=!3m1!1e3!4m19!4m18!1m10!1m1!1s0x880e2914a3cdd94d:0x8367567039a0c5e1!2m2!1d-87.594302!2d41.794155!3m4!1m2!1d-87.5905005!2d41.7040869!3s0x880e265aa4baefc7:0x4e8b3d8b310cc160!1m5!1m1!1s0x0:0x0!2m2!1d-87.55914!2d41.658386!3e0	12.1	30
16	4	21	LS	2015-08-13 15:56:46.297200	US-41 S	26.7 miles	59 min	52 min - 1 h 11 min	https://www.google.com/maps/dir/5527+S+Kimbark+Ave,+Chicago,+IL+60637/Gleason+Park,+3400+Jefferson+Street,+Gary,+IN+46406/@41.6527469,-87.5101602,21766m/data=!3m1!1e3!4m24!4m23!1m15!1m1!1s0x880e2914a3cdd94d:0x8367567039a0c5e1!2m2!1d-87.594302!2d41.794155!3m4!1m2!1d-87.5414756!2d41.7275184!3s0x880e27f8fa97f937:0xeeef6d39d159c414!3m4!1m2!1d-87.480879!2d41.6437612!3s0x8811dec83d576373:0x52d64bc656227e56!1m5!1m1!1s0x8811e9d33a4155a9:0xd2b45f5dbe15a037!2m2!1d-87.3406427!2d41.5638849!3e0	26.7	59
51	4	21	Sky	2015-08-13 15:57:06.344700	I-90 E	25.4 miles	42 min	38 - 50 min	https://www.google.com/maps/dir/5527+S+Kimbark+Ave,+Chicago,+IL+60637/Gleason+Park,+3400+Jefferson+Street,+Gary,+IN+46406/@41.6667489,-87.5844846,18332m/data=!3m1!1e3!4m19!4m18!1m10!1m1!1s0x880e2914a3cdd94d:0x8367567039a0c5e1!2m2!1d-87.594302!2d41.794155!3m4!1m2!1d-87.5195946!2d41.6665668!3s0x8811d8c7efa45113:0x65455df9652b3d6!1m5!1m1!1s0x8811e9d33a4155a9:0xd2b45f5dbe15a037!2m2!1d-87.3406427!2d41.5638849!3e0	25.4	42
107	4	21	BF_DR	2015-08-13 15:57:37.939881	I-94 E	32.5 miles	53 min	42 min - 1 h 8 min	https://www.google.com/maps/dir/5527+S+Kimbark+Ave,+Chicago,+IL+60637/Gleason+Park,+3400+Jefferson+Street,+Gary,+IN+46406/@41.6557475,-87.5782109,21753m/data=!3m1!1e3!4m19!4m18!1m10!1m1!1s0x880e2914a3cdd94d:0x8367567039a0c5e1!2m2!1d-87.594302!2d41.794155!3m4!1m2!1d-87.592314!2d41.7072353!3s0x880e2644ee07d423:0xb6e8b481741e5451!1m5!1m1!1s0x8811e9d33a4155a9:0xd2b45f5dbe15a037!2m2!1d-87.3406427!2d41.5638849!3e0	32.5	53
3	4	22	LS	2015-08-13 15:56:39.280599	US-41 S	23.0 miles	59 min	52 min - 1 h 11 min	https://www.google.com/maps/dir/5527+S+Kimbark+Ave,+Chicago,+IL+60637/598+E+Dunes+Hwy,+Gary,+IN+46402/@41.6936797,-87.5080703,18331m/data=!3m1!1e3!4m21!4m20!1m10!1m1!1s0x880e2914a3cdd94d:0x8367567039a0c5e1!2m2!1d-87.594302!2d41.794155!3m4!1m2!1d-87.4820112!2d41.6408087!3s0x8811dec7089bcdbd:0xae14dc0db9abb344!1m5!1m1!1s0x8811c24fc629e9c3:0xf804ea068e5e7b8c!2m2!1d-87.329723!2d41.6020873!2m1!1b1!3e0	23.0	59
104	4	22	Sky	2015-08-13 15:57:36.191211	I-90 E	23.2 miles	34 min	32 - 42 min	https://www.google.com/maps/dir/5527+S+Kimbark+Ave,+Chicago,+IL+60637/598+E+Dunes+Hwy,+Gary,+IN+46402/@41.6016968,-87.3380993,1145m/data=!3m1!1e3!4m19!4m18!1m10!1m1!1s0x880e2914a3cdd94d:0x8367567039a0c5e1!2m2!1d-87.594302!2d41.794155!3m4!1m2!1d-87.3403514!2d41.6053876!3s0x8811c255fdb97b6b:0x5e950d89c8176c7b!1m5!1m1!1s0x8811c24fc629e9c3:0xf804ea068e5e7b8c!2m2!1d-87.329723!2d41.6020873!3e0	23.2	34
121	4	22	BF_DR	2015-08-13 15:57:46.730253	I-94 E	34.6 miles	58 min	46 min - 1 h 13 min	https://www.google.com/maps/dir/5527+S+Kimbark+Ave,+Chicago,+IL+60637/598+E+Dunes+Hwy,+Gary,+IN+46402/@41.6112525,-87.5701592,15419m/data=!3m1!1e3!4m21!4m20!1m10!1m1!1s0x880e2914a3cdd94d:0x8367567039a0c5e1!2m2!1d-87.594302!2d41.794155!3m4!1m2!1d-87.5785843!2d41.640643!3s0x880e20d8ae494f1f:0xe04c790bc9eb5adc!1m5!1m1!1s0x8811c24fc629e9c3:0xf804ea068e5e7b8c!2m2!1d-87.329723!2d41.6020873!2m1!2b1!3e0	34.6	58
5	4	23	BF_DR	2015-08-13 15:56:40.151474	S Stony Island Ave	18.1 miles	46 min	40 min - 1 h	https://www.google.com/maps/dir/5527+S+Kimbark+Ave,+Chicago,+IL+60637/899+E+Chicago+Ave,+East+Chicago,+IN+46312/@41.6820147,-87.5234255,10871m/data=!3m1!1e3!4m31!4m30!1m20!1m1!1s0x880e2914a3cdd94d:0x8367567039a0c5e1!2m2!1d-87.594302!2d41.794155!3m4!1m2!1d-87.5933416!2d41.7013604!3s0x880e265be9a7d19d:0xc8bdca6536a274c9!3m4!1m2!1d-87.5989645!2d41.6911087!3s0x880e26f4b2808481:0x9b3e8c89cc2c6bac!3m4!1m2!1d-87.5964077!2d41.6687035!3s0x880e26c723dda8bf:0x5f993ad976201c08!1m5!1m1!1s0x8811de9e69995165:0xc148f9a2c0dc6d25!2m2!1d-87.4617361!2d41.6292353!2m1!2b1!3e0	18.1	46
128	4	23	LS	2015-08-13 15:57:50.475889	US-41 S	15.5 miles	43 min	38 - 52 min	https://www.google.com/maps/dir/5527+S+Kimbark+Ave,+Chicago,+IL+60637/899+E+Chicago+Ave,+East+Chicago,+IN+46312/@41.7226908,-87.5409758,3855m/data=!3m1!1e3!4m21!4m20!1m10!1m1!1s0x880e2914a3cdd94d:0x8367567039a0c5e1!2m2!1d-87.594302!2d41.794155!3m4!1m2!1d-87.5391208!2d41.7260443!3s0x880e27f87c7c1767:0x7dfc6905b4f90c04!1m5!1m1!1s0x8811de9e69995165:0xc148f9a2c0dc6d25!2m2!1d-87.4617361!2d41.6292353!2m1!2b1!3e0	15.5	43
155	4	23	Sky	2015-08-13 15:58:05.770916	I-90 W	16.0 miles	31 min	28 - 37 min	https://www.google.com/maps/dir/899+E+Chicago+Ave,+East+Chicago,+IN+46312/5527+S+Kimbark+Ave,+Chicago,+IL+60637/@41.5739042,-87.5425192,41518m/data=!3m1!1e3!4m19!4m18!1m10!1m1!1s0x8811de9e69995165:0xc148f9a2c0dc6d25!2m2!1d-87.4617361!2d41.6292353!3m4!1m2!1d-87.5160776!2d41.6574089!3s0x8811d8cbc118247f:0x84828c4ea6bfcc93!1m5!1m1!1s0x880e2914a3cdd94d:0x8367567039a0c5e1!2m2!1d-87.594302!2d41.794155!3e0	16.0	31
0	4	24	BF_DR	2015-08-13 15:56:37.577022	I-94 E	42.0 miles	1 h 14 min	1 h 1 min - 1 h 32 min	https://www.google.com/maps/dir/5527+S+Kimbark+Ave,+Chicago,+IL+60637/14500+Morse+St,+Cedar+Lake,+IN+46303/@41.5567292,-87.580194,1149m/data=!3m1!1e3!4m19!4m18!1m10!1m1!1s0x880e2914a3cdd94d:0x8367567039a0c5e1!2m2!1d-87.594302!2d41.794155!3m4!1m2!1d-87.5836742!2d41.5563297!3s0x880e1f0b70af4f9b:0x55c8c29d6dbd448c!1m5!1m1!1s0x8811fbb4df27c617:0x9c37d3a830923b1c!2m2!1d-87.4218064!2d41.3551184!3e0	42.0	74
112	4	24	Sky	2015-08-13 15:57:41.036902	I-90 E and I-65 S	48.6 miles	1 h 6 min	1 h 3 min - 1 h 17 min	https://www.google.com/maps/dir/5527+S+Kimbark+Ave,+Chicago,+IL+60637/14500+Morse+St,+Cedar+Lake,+IN+46303/@41.6577976,-87.5817707,10922m/data=!3m1!1e3!4m19!4m18!1m10!1m1!1s0x880e2914a3cdd94d:0x8367567039a0c5e1!2m2!1d-87.594302!2d41.794155!3m4!1m2!1d-87.5192155!2d41.6654932!3s0x8811d8c7efa45113:0x65455df9652b3d6!1m5!1m1!1s0x8811fbb4df27c617:0x9c37d3a830923b1c!2m2!1d-87.4218064!2d41.3551184!3e0	48.6	66
134	4	24	LS	2015-08-13 15:57:53.795992	US-41 S	37.7 miles	1 h 22 min	1 h 15 min - 1 h 39 min	https://www.google.com/maps/dir/5527+S+Kimbark+Ave,+Chicago,+IL+60637/14500+Morse+St,+Cedar+Lake,+IN+46303/@41.6707631,-87.5044334,9172m/data=!3m1!1e3!4m26!4m25!1m15!1m1!1s0x880e2914a3cdd94d:0x8367567039a0c5e1!2m2!1d-87.594302!2d41.794155!3m4!1m2!1d-87.5417332!2d41.7276517!3s0x880e27f8fa97f937:0xeeef6d39d159c414!3m4!1m2!1d-87.5190215!2d41.6976081!3s0x8811d85e22d4a6b7:0x954b9993e6a02f35!1m5!1m1!1s0x8811fbb4df27c617:0x9c37d3a830923b1c!2m2!1d-87.4218064!2d41.3551184!2m1!2b1!3e0	37.7	82
41	4	25	BF_DR	2015-08-13 15:57:00.373522	State Road 2 W	69.7 miles	1 h 44 min	1 h 31 min - 2 h 2 min	https://www.google.com/maps/dir/5527+S+Kimbark+Ave,+Chicago,+IL+60637/199+E+Indiana+Ave,+Kouts,+IN+46347/@41.3893202,-87.5203613,43690m/data=!3m1!1e3!4m21!4m20!1m10!1m1!1s0x880e2914a3cdd94d:0x8367567039a0c5e1!2m2!1d-87.594302!2d41.794155!3m4!1m2!1d-87.4688971!2d41.304002!3s0x8811fecfc0cb7813:0xfc15b0a87df63add!1m5!1m1!1s0x8811867e866ea59f:0x18dd56f7f4a462dd!2m2!1d-87.0246114!2d41.3183005!2m1!2b1!3e0	69.7	104
68	4	25	LS	2015-08-13 15:57:15.907061	I-94 E	64.3 miles	1 h 31 min	1 h 21 min - 1 h 47 min	https://www.google.com/maps/dir/5527+S+Kimbark+Ave,+Chicago,+IL+60637/41.3183176,-87.0270319/@41.250981,-86.9874747,30871m/data=!3m1!1e3!4m16!4m15!1m10!1m1!1s0x880e2914a3cdd94d:0x8367567039a0c5e1!2m2!1d-87.594302!2d41.794155!3m4!1m2!1d-87.5416755!2d41.727622!3s0x880e27f8fa97f937:0xeeef6d39d159c414!1m0!2m1!2b1!3e0	64.3	91
148	4	25	Sky	2015-08-13 15:58:01.401729	I-90 E and IN-49 S	57.7 miles	1 h 10 min	1 h 7 min - 1 h 24 min	https://www.google.com/maps/dir/5527+S+Kimbark+Ave,+Chicago,+IL+60637/199+E+Indiana+Ave,+Kouts,+IN+46347/@41.6635793,-87.4881355,12991m/data=!3m1!1e3!4m19!4m18!1m10!1m1!1s0x880e2914a3cdd94d:0x8367567039a0c5e1!2m2!1d-87.594302!2d41.794155!3m4!1m2!1d-87.5193942!2d41.6659992!3s0x8811d8c7efa45113:0x65455df9652b3d6!1m5!1m1!1s0x8811867e866ea59f:0x18dd56f7f4a462dd!2m2!1d-87.0246114!2d41.3183005!3e0	57.7	70
37	4	26	Sky	2015-08-13 15:56:58.260005	I-90 E	33.1 miles	44 min	41 - 52 min	https://www.google.com/maps/dir/41.794184,-87.5949024/41.5881995,-87.1836656/@41.6743649,-87.5661762,12.25z/data=!4m9!4m8!1m5!3m4!1m2!1d-87.5193842!2d41.6659709!3s0x8811d8c7efa45113:0x65455df9652b3d6!1m0!3e0	33.1	44
52	4	26	BF_DR	2015-08-13 15:57:06.958706	I-94 E	41.9 miles	1 h 3 min	50 min - 1 h 20 min	https://www.google.com/maps/dir/41.794184,-87.5949024/41.5881995,-87.1836656/@41.6074952,-87.5708742,12.5z/data=!4m11!4m10!1m5!3m4!1m2!1d-87.5788698!2d41.5793682!3s0x880e202b1cd1c9f3:0x3893de4e8591ce88!1m0!2m1!2b1!3e0	41.9	63
55	4	26	LS	2015-08-13 15:57:08.591088	I-94 E	36.7 miles	1 h 5 min	59 min - 1 h 19 min	https://www.google.com/maps/dir/41.794184,-87.5949024/41.5881995,-87.1836656/@41.6520349,-87.5010196,12.25z/data=!4m11!4m10!1m5!3m4!1m2!1d-87.5352866!2d41.7207119!3s0x8811d80948872e19:0xf7ef121c182526cc!1m0!2m1!2b1!3e0	36.7	65
30	5	20	BF_DR	2015-08-13 15:56:54.211299	I-94 E	14.5 miles	26 min	21 - 37 min	https://www.google.com/maps/dir/Sherman+Dr,+Chicago,+IL+60609/41.658386,+-87.559140/@41.6855303,-87.601382,18316m/data=!3m1!1e3!4m19!4m18!1m10!1m1!1s0x880e2e8ab2543987:0xfdcf1ab06595c032!2m2!1d-87.6555058!2d41.7967232!3m4!1m2!1d-87.5751658!2d41.6591962!3s0x880e272b92d5d5cf:0x4735572d50825157!1m5!1m1!1s0x0:0x0!2m2!1d-87.55914!2d41.658386!3e0	14.5	26
140	5	20	Sky	2015-08-13 15:57:57.230683	I-90 E and S Torrence Ave	13.0 miles	27 min	24 - 35 min	https://www.google.com/maps/dir/Sherman+Dr,+Chicago,+IL+60609/41.658386,+-87.559140/@41.7119279,-87.6121603,7700m/data=!3m1!1e3!4m19!4m18!1m10!1m1!1s0x880e2e8ab2543987:0xfdcf1ab06595c032!2m2!1d-87.6555058!2d41.7967232!3m4!1m2!1d-87.5596408!2d41.7057511!3s0x880e27bd5738ec01:0xe75a34964be440aa!1m5!1m1!1s0x0:0x0!2m2!1d-87.55914!2d41.658386!3e0	13.0	27
86	5	21	Sky	2015-08-13 15:57:25.800495	I-90 E	27.6 miles	42 min	37 - 50 min	https://www.google.com/maps/dir/Sherman+Dr,+Chicago,+IL+60609/Gleason+Park,+3400+Jefferson+Street,+Gary,+IN+46406/@41.6555091,-87.6031892,25890m/data=!3m1!1e3!4m19!4m18!1m10!1m1!1s0x880e2e8ab2543987:0xfdcf1ab06595c032!2m2!1d-87.6555058!2d41.7967232!3m4!1m2!1d-87.5192623!2d41.6656257!3s0x8811d8c7efa45113:0x65455df9652b3d6!1m5!1m1!1s0x8811e9d33a4155a9:0xd2b45f5dbe15a037!2m2!1d-87.3406427!2d41.5638849!3e0	27.6	42
142	5	21	BF_DR	2015-08-13 15:57:58.257331	I-94 E	31.9 miles	43 min	37 min - 1 h 1 min	https://www.google.com/maps/dir/Sherman+Dr,+Chicago,+IL+60609/Gleason+Park,+3400+Jefferson+Street,+Gary,+IN+46406/@41.642086,-87.5417491,10904m/data=!3m1!1e3!4m19!4m18!1m10!1m1!1s0x880e2e8ab2543987:0xfdcf1ab06595c032!2m2!1d-87.6555058!2d41.7967232!3m4!1m2!1d-87.5785879!2d41.6410608!3s0x880e20d8ae494f1f:0xe04c790bc9eb5adc!1m5!1m1!1s0x8811e9d33a4155a9:0xd2b45f5dbe15a037!2m2!1d-87.3406427!2d41.5638849!3e0	31.9	43
31	5	22	Sky	2015-08-13 15:56:54.821995	I-90 E	25.5 miles	34 min	30 - 42 min	https://www.google.com/maps/dir/Sherman+Dr,+Chicago,+IL+60609/598+E+Dunes+Hwy,+Gary,+IN+46402/@41.6385849,-87.5793085,12971m/data=!3m1!1e3!4m19!4m18!1m10!1m1!1s0x880e2e8ab2543987:0xfdcf1ab06595c032!2m2!1d-87.6555058!2d41.7967232!3m4!1m2!1d-87.5198657!2d41.6673344!3s0x8811d8c7efa45113:0x65455df9652b3d6!1m5!1m1!1s0x8811c24fc629e9c3:0xf804ea068e5e7b8c!2m2!1d-87.329723!2d41.6020873!3e0	25.5	34
44	5	22	BF_DR	2015-08-13 15:57:01.993666	I-94 E	34.0 miles	51 min	41 min - 1 h 6 min	https://www.google.com/maps/dir/Sherman+Dr,+Chicago,+IL+60609/598+E+Dunes+Hwy,+Gary,+IN+46402/@41.5638943,-87.6484955,25891m/data=!3m1!1e3!4m21!4m20!1m10!1m1!1s0x880e2e8ab2543987:0xfdcf1ab06595c032!2m2!1d-87.6555058!2d41.7967232!3m4!1m2!1d-87.5818546!2d41.5812292!3s0x880e21d37e442af7:0xa90a8233768ff7ce!1m5!1m1!1s0x8811c24fc629e9c3:0xf804ea068e5e7b8c!2m2!1d-87.329723!2d41.6020873!2m1!2b1!3e0	34.0	51
32	5	23	BF_DR	2015-08-13 15:56:55.338016	I-94 E	20.5 miles	42 min	35 - 54 min	https://www.google.com/maps/dir/Sherman+Dr,+Chicago,+IL+60609/899+E+Chicago+Ave,+East+Chicago,+IN+46312/@41.6316693,-87.5654879,7702m/data=!3m1!1e3!4m21!4m20!1m10!1m1!1s0x880e2e8ab2543987:0xfdcf1ab06595c032!2m2!1d-87.6555058!2d41.7967232!3m4!1m2!1d-87.5321909!2d41.6385005!3s0x8811df5c6e568d33:0x5ef39bad60a63fa1!1m5!1m1!1s0x8811de9e69995165:0xc148f9a2c0dc6d25!2m2!1d-87.4617361!2d41.6292353!2m1!2b1!3e0	20.5	42
87	5	23	Sky	2015-08-13 15:57:26.362942	I-90 E	18.5 miles	33 min	28 - 40 min	https://www.google.com/maps/dir/Sherman+Dr,+Chicago,+IL+60609/899+E+Chicago+Ave,+East+Chicago,+IN+46312/@41.6412359,-87.5477879,10906m/data=!3m1!1e3!4m19!4m18!1m10!1m1!1s0x880e2e8ab2543987:0xfdcf1ab06595c032!2m2!1d-87.6555058!2d41.7967232!3m4!1m2!1d-87.5187557!2d41.6641573!3s0x8811d8c7efa45113:0x65455df9652b3d6!1m5!1m1!1s0x8811de9e69995165:0xc148f9a2c0dc6d25!2m2!1d-87.4617361!2d41.6292353!3e0	18.5	33
67	5	24	Sky	2015-08-13 15:57:15.407244	I-90 E and I-65 S	50.9 miles	1 h 5 min	1 h 1 min - 1 h 17 min	https://www.google.com/maps/dir/Sherman+Dr,+Chicago,+IL+60609/14500+Morse+St,+Cedar+Lake,+IN+46303/@41.6277239,-87.4745655,43663m/data=!3m1!1e3!4m19!4m18!1m10!1m1!1s0x880e2e8ab2543987:0xfdcf1ab06595c032!2m2!1d-87.6555058!2d41.7967232!3m4!1m2!1d-87.5188337!2d41.6643866!3s0x8811d8c7efa45113:0x65455df9652b3d6!1m5!1m1!1s0x8811fbb4df27c617:0x9c37d3a830923b1c!2m2!1d-87.4218064!2d41.3551184!3e0	50.9	65
125	5	24	BF_DR	2015-08-13 15:57:49.014617	I-94 E	41.4 miles	1 h 5 min	57 min - 1 h 23 min	https://www.google.com/maps/dir/Sherman+Dr,+Chicago,+IL+60609/14500+Morse+St,+Cedar+Lake,+IN+46303/@41.5112788,-87.5182244,29967m/data=!3m1!1e3!4m19!4m18!1m10!1m1!1s0x880e2e8ab2543987:0xfdcf1ab06595c032!2m2!1d-87.6555058!2d41.7967232!3m4!1m2!1d-87.5837078!2d41.5632573!3s0x880e1f76a94c0da9:0x91e52f09add247ad!1m5!1m1!1s0x8811fbb4df27c617:0x9c37d3a830923b1c!2m2!1d-87.4218064!2d41.3551184!3e0	41.4	65
12	5	25	Sky	2015-08-13 15:56:44.220713	I-90 E and IN-49 S	59.9 miles	1 h 10 min	1 h 5 min - 1 h 24 min	https://www.google.com/maps/dir/Sherman+Dr,+Chicago,+IL+60609/199+E+Indiana+Ave,+Kouts,+IN+46347/@41.6570837,-87.5525632,10924m/data=!3m1!1e3!4m19!4m18!1m10!1m1!1s0x880e2e8ab2543987:0xfdcf1ab06595c032!2m2!1d-87.6555058!2d41.7967232!3m4!1m2!1d-87.5193972!2d41.6660078!3s0x8811d8c7efa45113:0x65455df9652b3d6!1m5!1m1!1s0x8811867e866ea59f:0x18dd56f7f4a462dd!2m2!1d-87.0246114!2d41.3183005!3e0	59.9	70
70	5	25	BF_DR	2015-08-13 15:57:16.738931	I-94 E	62.7 miles	1 h 16 min	1 h 7 min - 1 h 35 min	https://www.google.com/maps/dir/Sherman+Dr,+Chicago,+IL+60609/199+E+Indiana+Ave,+Kouts,+IN+46347/@41.217452,-87.4662759,87286m/data=!3m1!1e3!4m21!4m20!1m10!1m1!1s0x880e2e8ab2543987:0xfdcf1ab06595c032!2m2!1d-87.6555058!2d41.7967232!3m4!1m2!1d-87.2404542!2d41.3446359!3s0x8811f345b2db6441:0x3f8733817dc16eb!1m5!1m1!1s0x8811867e866ea59f:0x18dd56f7f4a462dd!2m2!1d-87.0246114!2d41.3183005!2m1!2b1!3e0	62.7	76
127	5	26	Sky	2015-08-13 15:57:49.992550	I-90 E	35.1 miles	42 min	39 - 52 min	https://www.google.com/maps/dir/41.7946017,-87.658873/41.5881995,-87.1836656/@41.6588539,-87.5594082,12.5z/data=!4m9!4m8!1m5!3m4!1m2!1d-87.5197052!2d41.66688!3s0x8811d8c7efa45113:0x65455df9652b3d6!1m0!3e0	35.1	42
144	5	26	BF_DR	2015-08-13 15:57:59.235401	I-94 E	41.1 miles	53 min	45 min - 1 h 12 min	https://www.google.com/maps/dir/41.7946017,-87.658873/41.5881995,-87.1836656/@41.6338343,-87.5870336,12.75z/data=!4m11!4m10!1m5!3m4!1m2!1d-87.5786029!2d41.5792081!3s0x880e202b1cd1c9f3:0x3893de4e8591ce88!1m0!2m1!2b1!3e0	41.1	53
6	6	20	BF_DR	2015-08-13 15:56:40.657955	I-55 N	51.2 miles	1 h 20 min	57 min - 1 h 58 min	https://www.google.com/maps/dir/1803+Freedom+Dr,+Naperville,+IL+60563/41.658386,+-87.559140/@41.7634086,-87.8815925,30762m/data=!3m1!1e3!4m24!4m23!1m15!1m1!1s0x880e56f521b60a85:0x3e03eb88f00fed78!2m2!1d-88.1267321!2d41.8038172!3m4!1m2!1d-87.8072726!2d41.7967895!3s0x880e36f25514e6f3:0xede737897dfe3db1!3m4!1m2!1d-87.6311473!2d41.8331033!3s0x880e2c13aa7e78d5:0x6ae5df0ec19e9175!1m5!1m1!1s0x0:0x0!2m2!1d-87.55914!2d41.658386!3e0	51.2	80
123	6	20	TRI	2015-08-13 15:57:47.909568	I-294 S	49.4 miles	54 min	48 min - 1 h 7 min	https://www.google.com/maps/dir/1803+Freedom+Dr,+Naperville,+IL+60563/41.658386,+-87.559140/@41.5954008,-87.7264791,15410m/data=!3m1!1e3!4m19!4m18!1m10!1m1!1s0x880e56f521b60a85:0x3e03eb88f00fed78!2m2!1d-88.1267321!2d41.8038172!3m4!1m2!1d-87.7251295!2d41.6515876!3s0x880e3c9b05144d9f:0xaf5b7e60492537c6!1m5!1m1!1s0x0:0x0!2m2!1d-87.55914!2d41.658386!3e0	49.4	54
157	6	20	Sky	2015-08-13 15:58:06.886669	I-88 E and I-290 E	45.0 miles	1 h 30 min	59 min - 2 h 5 min	https://www.google.com/maps/dir/1803+Freedom+Dr,+Naperville,+IL+60563/41.658386,+-87.559140/@41.7317229,-87.5580291,1323m/data=!3m1!1e3!4m24!4m23!1m15!1m1!1s0x880e56f521b60a85:0x3e03eb88f00fed78!2m2!1d-88.1267321!2d41.8038172!3m4!1m2!1d-87.760533!2d41.8712415!3s0x880e336e84b8f451:0xe6ae810c3a261788!3m4!1m2!1d-87.5547442!2d41.7281955!3s0x880e27e4250384c1:0x622b48143bf55696!1m5!1m1!1s0x0:0x0!2m2!1d-87.55914!2d41.658386!3e0	45.0	90
48	6	21	Sky	2015-08-13 15:57:04.579961	I-90 E	59.4 miles	1 h 42 min	1 h 10 min - 2 h 19 min	https://www.google.com/maps/dir/1803+Freedom+Dr,+Naperville,+IL+60563/Gleason+Park,+3400+Jefferson+Street,+Gary,+IN+46406/@41.6434575,-87.588063,73280m/data=!3m1!1e3!4m24!4m23!1m15!1m1!1s0x880e56f521b60a85:0x3e03eb88f00fed78!2m2!1d-88.1267321!2d41.8038172!3m4!1m2!1d-87.8064589!2d41.8736858!3s0x880e34e5fcbcbf55:0x1fe4d27c770a3127!3m4!1m2!1d-87.5195057!2d41.6663151!3s0x8811d8c7efa45113:0x65455df9652b3d6!1m5!1m1!1s0x8811e9d33a4155a9:0xd2b45f5dbe15a037!2m2!1d-87.3406427!2d41.5638849!3e0	59.4	102
61	6	21	BF_DR	2015-08-13 15:57:11.826197	I-55 N and I-94 E	68.4 miles	1 h 59 min	1 h 23 min - 2 h 49 min	https://www.google.com/maps/dir/1803+Freedom+Dr,+Naperville,+IL+60563/Gleason+Park,+3400+Jefferson+Street,+Gary,+IN+46406/@41.7912426,-87.6760889,43608m/data=!3m1!1e3!4m21!4m20!1m10!1m1!1s0x880e56f521b60a85:0x3e03eb88f00fed78!2m2!1d-88.1267321!2d41.8038172!3m4!1m2!1d-87.5831642!2d41.6045995!3s0x880e21b215cb5527:0xe384629c3b5917f5!1m5!1m1!1s0x8811e9d33a4155a9:0xd2b45f5dbe15a037!2m2!1d-87.3406427!2d41.5638849!2m1!2b1!3e0	68.4	119
98	6	21	TRI	2015-08-13 15:57:32.864757	I-294 S	55.7 miles	1 h 2 min	55 min - 1 h 18 min	https://www.google.com/maps/dir/1803+Freedom+Dr,+Naperville,+IL+60563/Gleason+Park,+3400+Jefferson+Street,+Gary,+IN+46406/@41.5498174,-87.6059394,73317m/data=!3m1!1e3!4m19!4m18!1m10!1m1!1s0x880e56f521b60a85:0x3e03eb88f00fed78!2m2!1d-88.1267321!2d41.8038172!3m4!1m2!1d-87.7252495!2d41.6518305!3s0x880e3c9b13abcd19:0x3ca3c2c7bf9d6fca!1m5!1m1!1s0x8811e9d33a4155a9:0xd2b45f5dbe15a037!2m2!1d-87.3406427!2d41.5638849!3e0	55.7	62
57	6	22	TRI	2015-08-13 15:57:09.654260	I-294 S	57.8 miles	1 h 7 min	59 min - 1 h 23 min	https://www.google.com/maps/dir/1803+Freedom+Dr,+Naperville,+IL+60563/598+E+Dunes+Hwy,+Gary,+IN+46402/@41.5901625,-87.6815242,30808m/data=!3m1!1e3!4m19!4m18!1m10!1m1!1s0x880e56f521b60a85:0x3e03eb88f00fed78!2m2!1d-88.1267321!2d41.8038172!3m4!1m2!1d-87.6819331!2d41.6084128!3s0x880e22db8fead595:0xdabd79aa1379a502!1m5!1m1!1s0x8811c24fc629e9c3:0xf804ea068e5e7b8c!2m2!1d-87.329723!2d41.6020873!3e0	57.8	67
69	6	22	Sky	2015-08-13 15:57:16.332121	I-90 E	57.2 miles	1 h 34 min	1 h 4 min - 2 h 10 min	https://www.google.com/maps/dir/1803+Freedom+Dr,+Naperville,+IL+60563/598+E+Dunes+Hwy,+Gary,+IN+46402/@41.5741523,-87.5148541,36645m/data=!3m1!1e3!4m19!4m18!1m10!1m1!1s0x880e56f521b60a85:0x3e03eb88f00fed78!2m2!1d-88.1267321!2d41.8038172!3m4!1m2!1d-87.8738089!2d41.8707252!3s0x880e4a92ae5615c9:0x53aea358eca47357!1m5!1m1!1s0x8811c24fc629e9c3:0xf804ea068e5e7b8c!2m2!1d-87.329723!2d41.6020873!3e0	57.2	94
1	6	23	TRI	2015-08-13 15:56:38.153400	I-294 S	52.5 miles	1 h 3 min	56 min - 1 h 18 min	https://www.google.com/maps/dir/1803+Freedom+Dr,+Naperville,+IL+60563/899+E+Chicago+Ave,+East+Chicago,+IN+46312/@41.622529,-87.7105017,25913m/data=!3m1!1e3!4m19!4m18!1m10!1m1!1s0x880e56f521b60a85:0x3e03eb88f00fed78!2m2!1d-88.1267321!2d41.8038172!3m4!1m2!1d-87.6811265!2d41.5864985!3s0x880e22a3113b6913:0x6adcc275b5776b45!1m5!1m1!1s0x8811de9e69995165:0xc148f9a2c0dc6d25!2m2!1d-87.4617361!2d41.6292353!3e0	52.5	63
106	6	23	Sky	2015-08-13 15:57:37.343073	I-90 E	50.2 miles	1 h 25 min	1 h 2 min - 2 h 6 min	https://www.google.com/maps/dir/1803+Freedom+Dr,+Naperville,+IL+60563/899+E+Chicago+Ave,+East+Chicago,+IN+46312/@41.6222878,-87.5478977,25909m/data=!3m1!1e3!4m29!4m28!1m20!1m1!1s0x880e56f521b60a85:0x3e03eb88f00fed78!2m2!1d-88.1267321!2d41.8038172!3m4!1m2!1d-87.8789664!2d41.8699971!3s0x880e4af202523f7f:0x27c85d85a91b6cbe!3m4!1m2!1d-87.867566!2d41.8709018!3s0x880e4a9033ac5f9f:0x17dd1645e6cc8b89!3m4!1m2!1d-87.8441937!2d41.8711158!3s0x880e356e4b146355:0x8e14fef42c33a4a7!1m5!1m1!1s0x8811de9e69995165:0xc148f9a2c0dc6d25!2m2!1d-87.4617361!2d41.6292353!3e0	50.2	85
28	6	25	TRI	2015-08-13 15:56:53.051993	I-294 S	86.5 miles	1 h 34 min	1 h 25 min - 1 h 52 min	https://www.google.com/maps/dir/1803+Freedom+Dr,+Naperville,+IL+60563/199+E+Indiana+Ave,+Kouts,+IN+46347/@41.6435841,-87.6452695,21814m/data=!3m1!1e3!4m19!4m18!1m10!1m1!1s0x880e56f521b60a85:0x3e03eb88f00fed78!2m2!1d-88.1267321!2d41.8038172!3m4!1m2!1d-87.6810744!2d41.5851845!3s0x880e22a3a514b61d:0x66c640a73017239a!1m5!1m1!1s0x8811867e866ea59f:0x18dd56f7f4a462dd!2m2!1d-87.0246114!2d41.3183005!3e0	86.5	94
117	6	25	Sky	2015-08-13 15:57:44.145927	I-90 E	91.7 miles	2 h 9 min	1 h 39 min - 2 h 51 min	https://www.google.com/maps/dir/1803+Freedom+Dr,+Naperville,+IL+60563/199+E+Indiana+Ave,+Kouts,+IN+46347/@41.7019116,-87.693544,30856m/data=!3m1!1e3!4m19!4m18!1m10!1m1!1s0x880e56f521b60a85:0x3e03eb88f00fed78!2m2!1d-88.1267321!2d41.8038172!3m4!1m2!1d-87.8524483!2d41.8709061!3s0x880e3562dcf6dd2d:0x1c14841ecb4211a4!1m5!1m1!1s0x8811867e866ea59f:0x18dd56f7f4a462dd!2m2!1d-87.0246114!2d41.3183005!3e0	91.7	129
63	6	26	Sky	2015-08-13 15:57:12.995656	I-90 E	67.1 miles	1 h 44 min	1 h 14 min - 2 h 21 min	https://www.google.com/maps/dir/Freedom+Dr,+Naperville,+IL+60563/41.5881995,-87.1836656/@41.6065226,-87.5237001,11.75z/data=!4m14!4m13!1m10!1m1!1s0x880e56f4ab140e3f:0xa2bceb0e6426ab4d!2m2!1d-88.1257984!2d41.8047989!3m4!1m2!1d-87.8518324!2d41.8706843!3s0x880e35634379f097:0xd4a6e20e28177cf9!1m0!3e0	67.1	104
152	6	26	TRI	2015-08-13 15:58:03.927864	I-294 S and I-80 E	65.2 miles	1 h 11 min	1 h 3 min - 1 h 30 min	https://www.google.com/maps/dir/Freedom+Dr,+Naperville,+IL+60563/41.5881995,-87.1836656/@41.5919292,-87.6628938,12.5z/data=!4m14!4m13!1m10!1m1!1s0x880e56f4ab140e3f:0xa2bceb0e6426ab4d!2m2!1d-88.1257984!2d41.8047989!3m4!1m2!1d-87.6802413!2d41.5827598!3s0x880e22a3d5534da5:0x7bac4d26791d66d8!1m0!3e0	65.2	71
25	8	20	BF	2015-08-13 15:56:51.566564	S Stony Island Ave and I-94 E	8.5 miles	19 min	15 - 26 min	https://www.google.com/maps/dir/875+E+87th+St,+Chicago,+IL+60619/41.658386,+-87.559140/@41.6976339,-87.6187709,10889m/data=!3m1!1e3!4m19!4m18!1m10!1m1!1s0x880e28a08ee8fa79:0xbbb3cf56caa61ee8!2m2!1d-87.60178!2d41.736518!3m4!1m2!1d-87.5912248!2d41.7035822!3s0x880e265afb2f82df:0xed8f2224e43eaeed!1m5!1m1!1s0x0:0x0!2m2!1d-87.55914!2d41.658386!3e0	8.5	19
56	8	20	Sky	2015-08-13 15:57:09.079166	I-90 E and S Torrence Ave	10.5 miles	26 min	22 - 30 min	https://www.google.com/maps/dir/875+E+87th+St,+Chicago,+IL+60619/41.658386,+-87.559140/@41.7434454,-87.5981787,5433m/data=!3m1!1e3!4m19!4m18!1m10!1m1!1s0x880e28a08ee8fa79:0xbbb3cf56caa61ee8!2m2!1d-87.60178!2d41.736518!3m4!1m2!1d-87.588416!2d41.7515664!3s0x880e289263c48c93:0x9e9881ae5404b94!1m5!1m1!1s0x0:0x0!2m2!1d-87.55914!2d41.658386!3e0	10.5	26
88	8	21	BF	2015-08-13 15:57:26.872983	I-94 E	25.9 miles	38 min	32 - 48 min	https://www.google.com/maps/dir/875+E+87th+St,+Chicago,+IL+60619/Gleason+Park,+3400+Jefferson+Street,+Gary,+IN+46406/@41.6003097,-87.4860829,36640m/data=!3m1!1e3!4m19!4m18!1m10!1m1!1s0x880e28a08ee8fa79:0xbbb3cf56caa61ee8!2m2!1d-87.60178!2d41.736518!3m4!1m2!1d-87.5785909!2d41.6414008!3s0x880e20d8ae494f1f:0xe04c790bc9eb5adc!1m5!1m1!1s0x8811e9d33a4155a9:0xd2b45f5dbe15a037!2m2!1d-87.3406427!2d41.5638849!3e0	25.9	38
95	8	21	Sky	2015-08-13 15:57:31.115344	I-90 E	23.0 miles	35 min	32 - 42 min	https://www.google.com/maps/dir/875+E+87th+St,+Chicago,+IL+60619/Gleason+Park,+3400+Jefferson+Street,+Gary,+IN+46406/@41.6675972,-87.6155042,21773m/data=!3m1!1e3!4m19!4m18!1m10!1m1!1s0x880e28a08ee8fa79:0xbbb3cf56caa61ee8!2m2!1d-87.60178!2d41.736518!3m4!1m2!1d-87.5216667!2d41.6724304!3s0x8811d8bfb090161f:0xcba9d526f8b583c3!1m5!1m1!1s0x8811e9d33a4155a9:0xd2b45f5dbe15a037!2m2!1d-87.3406427!2d41.5638849!3e0	23.0	35
145	8	22	BF	2015-08-13 15:57:59.733620	I-94 E	28.0 miles	42 min	35 - 53 min	https://www.google.com/maps/dir/875+E+87th+St,+Chicago,+IL+60619/598+E+Dunes+Hwy,+Gary,+IN+46402/@41.5691663,-87.4895651,21793m/data=!3m1!1e3!4m21!4m20!1m10!1m1!1s0x880e28a08ee8fa79:0xbbb3cf56caa61ee8!2m2!1d-87.60178!2d41.736518!3m4!1m2!1d-87.5733568!2d41.5771331!3s0x880e20298df22b51:0x5d5b1cfadee4c6d0!1m5!1m1!1s0x8811c24fc629e9c3:0xf804ea068e5e7b8c!2m2!1d-87.329723!2d41.6020873!2m1!2b1!3e0	28.0	42
147	8	22	Sky	2015-08-13 15:58:00.815293	I-90 E	20.8 miles	28 min	26 - 34 min	https://www.google.com/maps/dir/875+E+87th+St,+Chicago,+IL+60619/598+E+Dunes+Hwy,+Gary,+IN+46402/@41.6573445,-87.5382707,21792m/data=!3m1!1e3!4m19!4m18!1m10!1m1!1s0x880e28a08ee8fa79:0xbbb3cf56caa61ee8!2m2!1d-87.60178!2d41.736518!3m4!1m2!1d-87.5195519!2d41.6664459!3s0x8811d8c7efa45113:0x65455df9652b3d6!1m5!1m1!1s0x8811c24fc629e9c3:0xf804ea068e5e7b8c!2m2!1d-87.329723!2d41.6020873!3e0	20.8	28
21	8	23	BF	2015-08-13 15:56:49.237566	I-94 E	14.5 miles	35 min	29 - 43 min	https://www.google.com/maps/dir/875+E+87th+St,+Chicago,+IL+60619/899+E+Chicago+Ave,+East+Chicago,+IN+46312/@41.6525389,-87.5719017,18352m/data=!3m1!1e3!4m21!4m20!1m10!1m1!1s0x880e28a08ee8fa79:0xbbb3cf56caa61ee8!2m2!1d-87.60178!2d41.736518!3m4!1m2!1d-87.6017754!2d41.67878!3s0x880e2694642c1e75:0xd7c6cc03f9f69b96!1m5!1m1!1s0x8811de9e69995165:0xc148f9a2c0dc6d25!2m2!1d-87.4617361!2d41.6292353!2m1!2b1!3e0	14.5	35
36	8	23	Sky	2015-08-13 15:56:57.619090	I-90 E	13.8 miles	27 min	24 - 31 min	https://www.google.com/maps/dir/875+E+87th+St,+Chicago,+IL+60619/899+E+Chicago+Ave,+East+Chicago,+IN+46312/@41.669124,-87.5165627,21779m/data=!3m1!1e3!4m19!4m18!1m10!1m1!1s0x880e28a08ee8fa79:0xbbb3cf56caa61ee8!2m2!1d-87.60178!2d41.736518!3m4!1m2!1d-87.5202782!2d41.6685021!3s0x8811d8bf4129bfed:0xe9a1a6b776b79943!1m5!1m1!1s0x8811de9e69995165:0xc148f9a2c0dc6d25!2m2!1d-87.4617361!2d41.6292353!3e0	13.8	27
76	8	24	BF	2015-08-13 15:57:20.165706	I-94 E	35.4 miles	59 min	51 min - 1 h 11 min	https://www.google.com/maps/dir/875+E+87th+St,+Chicago,+IL+60619/14500+Morse+St,+Cedar+Lake,+IN+46303/@41.5082181,-87.5354732,30844m/data=!3m1!1e3!4m19!4m18!1m10!1m1!1s0x880e28a08ee8fa79:0xbbb3cf56caa61ee8!2m2!1d-87.60178!2d41.736518!3m4!1m2!1d-87.5822724!2d41.5764263!3s0x880e21d589ede51b:0x929e14f726562377!1m5!1m1!1s0x8811fbb4df27c617:0x9c37d3a830923b1c!2m2!1d-87.4218064!2d41.3551184!3e0	35.4	59
90	8	24	Sky	2015-08-13 15:57:28.072776	I-90 E and I-65 S	46.2 miles	1 h	56 min - 1 h 8 min	https://www.google.com/maps/dir/875+E+87th+St,+Chicago,+IL+60619/14500+Morse+St,+Cedar+Lake,+IN+46303/@41.5906533,-87.4615984,25945m/data=!3m1!1e3!4m19!4m18!1m10!1m1!1s0x880e28a08ee8fa79:0xbbb3cf56caa61ee8!2m2!1d-87.60178!2d41.736518!3m4!1m2!1d-87.5190278!2d41.6649575!3s0x8811d8c7efa45113:0x65455df9652b3d6!1m5!1m1!1s0x8811fbb4df27c617:0x9c37d3a830923b1c!2m2!1d-87.4218064!2d41.3551184!3e0	46.2	60
124	8	25	Sky	2015-08-13 15:57:48.455029	I-90 E and IN-49 S	55.3 miles	1 h 4 min	1 h - 1 h 15 min	https://www.google.com/maps/dir/875+E+87th+St,+Chicago,+IL+60619/199+E+Indiana+Ave,+Kouts,+IN+46347/@41.6578587,-87.5399127,15452m/data=!3m1!1e3!4m19!4m18!1m10!1m1!1s0x880e28a08ee8fa79:0xbbb3cf56caa61ee8!2m2!1d-87.60178!2d41.736518!3m4!1m2!1d-87.5190083!2d41.6649002!3s0x8811d8c7efa45113:0x65455df9652b3d6!1m5!1m1!1s0x8811867e866ea59f:0x18dd56f7f4a462dd!2m2!1d-87.0246114!2d41.3183005!3e0	55.3	64
141	8	25	BF	2015-08-13 15:57:57.794565	I-94 E	56.7 miles	1 h 9 min	1 h 2 min - 1 h 21 min	https://www.google.com/maps/dir/875+E+87th+St,+Chicago,+IL+60619/199+E+Indiana+Ave,+Kouts,+IN+46347/@41.5657242,-87.5550088,7713m/data=!3m1!1e3!4m21!4m20!1m10!1m1!1s0x880e28a08ee8fa79:0xbbb3cf56caa61ee8!2m2!1d-87.60178!2d41.736518!3m4!1m2!1d-87.5769209!2d41.5782005!3s0x880e202b1cd1c9f3:0x3893de4e8591ce88!1m5!1m1!1s0x8811867e866ea59f:0x18dd56f7f4a462dd!2m2!1d-87.0246114!2d41.3183005!2m1!2b1!3e0	56.7	69
10	8	26	Sky	2015-08-13 15:56:43.089830	I-90 E	30.6 miles	38 min	35 - 44 min	https://www.google.com/maps/dir/Chicago,+IL+60619/41.5881995,-87.1836656/@41.6729822,-87.4954778,11.5z/data=!4m14!4m13!1m10!1m1!1s0x880e28a0616d320f:0x334d97a0858b0239!2m2!1d-87.601192!2d41.7366924!3m4!1m2!1d-87.5191732!2d41.6653735!3s0x8811d8c7efa45113:0x65455df9652b3d6!1m0!3e0	30.6	38
27	8	26	BF	2015-08-13 15:56:52.492513	I-94 E	35.2 miles	46 min	39 - 58 min	https://www.google.com/maps/dir/Chicago,+IL+60619/41.5881995,-87.1836656/@41.5778752,-87.4242638,11.25z/data=!4m16!4m15!1m10!1m1!1s0x880e28a0616d320f:0x334d97a0858b0239!2m2!1d-87.601192!2d41.7366924!3m4!1m2!1d-87.4318195!2d41.5699134!3s0x8811e7631fae9aeb:0x1fd344a9c675a071!1m0!2m1!2b1!3e0	35.2	46
11	9	20	Sky	2015-08-13 15:56:43.567016	I-55 N	24.3 miles	48 min	37 min - 1 h 3 min	https://www.google.com/maps/dir/6401+W+Archer+Ave,+Chicago,+IL+60638/41.658386,+-87.559140/@41.6839383,-87.5961397,15372m/data=!3m1!1e3!4m19!4m18!1m10!1m1!1s0x880e36ce8df897d5:0xf60d85e1d73720e1!2m2!1d-87.7821987!2d41.7921554!3m4!1m2!1d-87.5607646!2d41.7249276!3s0x880e27dd3707d243:0xdde60fc22d92a88e!1m5!1m1!1s0x0:0x0!2m2!1d-87.55914!2d41.658386!3e0	24.3	48
33	9	20	BF_DR	2015-08-13 15:56:55.865097	I-94 E	25.7 miles	46 min	33 min - 1 h 8 min	https://www.google.com/maps/dir/6401+W+Archer+Ave,+Chicago,+IL+60638/41.658386,+-87.559140/@41.7291199,-87.6517913,25359m/data=!3m1!1e3!4m19!4m18!1m10!1m1!1s0x880e36ce8df897d5:0xf60d85e1d73720e1!2m2!1d-87.7821987!2d41.7921554!3m4!1m2!1d-87.6261232!2d41.7723968!3s0x880e2ed86a682acb:0x29de6e057e2e53e8!1m5!1m1!1s0x0:0x0!2m2!1d-87.55914!2d41.658386!3e0	25.7	46
110	9	20	TRI	2015-08-13 15:57:39.741624	I-294 S	33.7 miles	41 min	40 - 55 min	https://www.google.com/maps/dir/6401+W+Archer+Ave,+Chicago,+IL+60638/41.658386,+-87.559140/@41.6132594,-87.8590839,51745m/data=!3m1!1e3!4m19!4m18!1m10!1m1!1s0x880e36ce8df897d5:0xf60d85e1d73720e1!2m2!1d-87.7821987!2d41.7921554!3m4!1m2!1d-87.7253574!2d41.6520212!3s0x880e3c9b13abcd19:0x3ca3c2c7bf9d6fca!1m5!1m1!1s0x0:0x0!2m2!1d-87.55914!2d41.658386!3e0	33.7	41
14	9	21	BF_DR	2015-08-13 15:56:45.168294	I-94 E	43.2 miles	1 h 5 min	50 min - 1 h 32 min	https://www.google.com/maps/dir/6401+W+Archer+Ave,+Chicago,+IL+60638/Gleason+Park,+3400+Jefferson+Street,+Gary,+IN+46406/@41.569462,-87.6042213,61703m/data=!3m1!1e3!4m19!4m18!1m10!1m1!1s0x880e36ce8df897d5:0xf60d85e1d73720e1!2m2!1d-87.7821987!2d41.7921554!3m4!1m2!1d-87.5785913!2d41.6414449!3s0x880e20d8ae494f1f:0xe04c790bc9eb5adc!1m5!1m1!1s0x8811e9d33a4155a9:0xd2b45f5dbe15a037!2m2!1d-87.3406427!2d41.5638849!3e0	43.2	65
73	9	21	TRI	2015-08-13 15:57:18.568741	I-294 S and I-80 E	40.0 miles	49 min	46 min - 1 h 6 min	https://www.google.com/maps/dir/6401+W+Archer+Ave,+Chicago,+IL+60638/Gleason+Park,+3400+Jefferson+Street,+Gary,+IN+46406/@41.5926628,-87.60267,10911m/data=!3m1!1e3!4m19!4m18!1m10!1m1!1s0x880e36ce8df897d5:0xf60d85e1d73720e1!2m2!1d-87.7821987!2d41.7921554!3m4!1m2!1d-87.5836393!2d41.5776098!3s0x880e21d5d85ef9ef:0x75a5225f57eddfd3!1m5!1m1!1s0x8811e9d33a4155a9:0xd2b45f5dbe15a037!2m2!1d-87.3406427!2d41.5638849!3e0	40.0	49
126	9	21	Sky	2015-08-13 15:57:49.479650	I-90 E	38.9 miles	1 h	49 min - 1 h 18 min	https://www.google.com/maps/dir/6401+W+Archer+Ave,+Chicago,+IL+60638/Gleason+Park,+3400+Jefferson+Street,+Gary,+IN+46406/@41.7043581,-87.6798961,61632m/data=!3m1!1e3!4m19!4m18!1m10!1m1!1s0x880e36ce8df897d5:0xf60d85e1d73720e1!2m2!1d-87.7821987!2d41.7921554!3m4!1m2!1d-87.5207004!2d41.6696965!3s0x8811d8bf4129bfed:0xe9a1a6b776b79943!1m5!1m1!1s0x8811e9d33a4155a9:0xd2b45f5dbe15a037!2m2!1d-87.3406427!2d41.5638849!3e0	38.9	60
42	9	22	TRI	2015-08-13 15:57:00.918835	I-294 S and I-80 E	42.1 miles	54 min	50 min - 1 h 11 min	https://www.google.com/maps/dir/6401+W+Archer+Ave,+Chicago,+IL+60638/598+E+Dunes+Hwy,+Gary,+IN+46402/@41.5986274,-87.6183085,18332m/data=!3m1!1e3!4m19!4m18!1m10!1m1!1s0x880e36ce8df897d5:0xf60d85e1d73720e1!2m2!1d-87.7821987!2d41.7921554!3m4!1m2!1d-87.5882667!2d41.5776032!3s0x880e21d7b0bc12cf:0xa0b8a57b2f292f8a!1m5!1m1!1s0x8811c24fc629e9c3:0xf804ea068e5e7b8c!2m2!1d-87.329723!2d41.6020873!3e0	42.1	54
71	9	22	Sky	2015-08-13 15:57:17.605795	I-90 E	36.8 miles	53 min	43 min - 1 h 10 min	https://www.google.com/maps/dir/6401+W+Archer+Ave,+Chicago,+IL+60638/598+E+Dunes+Hwy,+Gary,+IN+46402/@41.6824895,-87.6056434,15413m/data=!3m1!1e3!4m19!4m18!1m10!1m1!1s0x880e36ce8df897d5:0xf60d85e1d73720e1!2m2!1d-87.7821987!2d41.7921554!3m4!1m2!1d-87.5197132!2d41.6669027!3s0x8811d8c7efa45113:0x65455df9652b3d6!1m5!1m1!1s0x8811c24fc629e9c3:0xf804ea068e5e7b8c!2m2!1d-87.329723!2d41.6020873!3e0	36.8	53
132	9	22	BF_DR	2015-08-13 15:57:52.647697	I-94 E	45.3 miles	1 h 10 min	54 min - 1 h 38 min	https://www.google.com/maps/dir/6401+W+Archer+Ave,+Chicago,+IL+60638/598+E+Dunes+Hwy,+Gary,+IN+46402/@41.5261543,-87.6768379,61613m/data=!3m1!1e3!4m24!4m23!1m15!1m1!1s0x880e36ce8df897d5:0xf60d85e1d73720e1!2m2!1d-87.7821987!2d41.7921554!3m4!1m2!1d-87.5785856!2d41.6407916!3s0x880e20d8ae494f1f:0xe04c790bc9eb5adc!3m4!1m2!1d-87.5822619!2d41.606401!3s0x880e21ad8a1f15ad:0xb8ed44b702fc0f8!1m5!1m1!1s0x8811c24fc629e9c3:0xf804ea068e5e7b8c!2m2!1d-87.329723!2d41.6020873!3e0	45.3	70
38	9	23	Sky	2015-08-13 15:56:58.912768	I-90 E	29.8 miles	52 min	41 min - 1 h 8 min	https://www.google.com/maps/dir/6401+W+Archer+Ave,+Chicago,+IL+60638/899+E+Chicago+Ave,+East+Chicago,+IN+46312/@41.6491035,-87.6185008,51875m/data=!3m1!1e3!4m19!4m18!1m10!1m1!1s0x880e36ce8df897d5:0xf60d85e1d73720e1!2m2!1d-87.7821987!2d41.7921554!3m4!1m2!1d-87.5167236!2d41.6583875!3s0x8811d8cbb87ac5b3:0x2c2382e2800a4538!1m5!1m1!1s0x8811de9e69995165:0xc148f9a2c0dc6d25!2m2!1d-87.4617361!2d41.6292353!3e0	29.8	52
53	9	23	BF_DR	2015-08-13 15:57:07.450120	I-94 E	31.7 miles	1 h 3 min	47 min - 1 h 26 min	https://www.google.com/maps/dir/6401+W+Archer+Ave,+Chicago,+IL+60638/899+E+Chicago+Ave,+East+Chicago,+IN+46312/@41.7380262,-87.5343111,73310m/data=!3m1!1e3!4m21!4m20!1m10!1m1!1s0x880e36ce8df897d5:0xf60d85e1d73720e1!2m2!1d-87.7821987!2d41.7921554!3m4!1m2!1d-87.5318612!2d41.6382474!3s0x8811df5c6e568d33:0x5ef39bad60a63fa1!1m5!1m1!1s0x8811de9e69995165:0xc148f9a2c0dc6d25!2m2!1d-87.4617361!2d41.6292353!2m1!2b1!3e0	31.7	63
113	9	23	TRI	2015-08-13 15:57:41.692436	I-294 S	36.7 miles	50 min	47 min - 1 h 4 min	https://www.google.com/maps/dir/6401+W+Archer+Ave,+Chicago,+IL+60638/899+E+Chicago+Ave,+East+Chicago,+IN+46312/@41.6626282,-87.7052744,36603m/data=!3m1!1e3!4m19!4m18!1m10!1m1!1s0x880e36ce8df897d5:0xf60d85e1d73720e1!2m2!1d-87.7821987!2d41.7921554!3m4!1m2!1d-87.4614735!2d41.5764334!3s0x8811de008bb026f9:0x6b96f37205665f14!1m5!1m1!1s0x8811de9e69995165:0xc148f9a2c0dc6d25!2m2!1d-87.4617361!2d41.6292353!3e0	36.7	50
47	9	24	Sky	2015-08-13 15:57:03.889073	I-90 E	62.1 miles	1 h 25 min	1 h 13 min - 1 h 45 min	https://www.google.com/maps/dir/6401+W+Archer+Ave,+Chicago,+IL+60638/14500+Morse+St,+Cedar+Lake,+IN+46303/@41.6181585,-87.6107493,26713m/data=!3m1!1e3!4m19!4m18!1m10!1m1!1s0x880e36ce8df897d5:0xf60d85e1d73720e1!2m2!1d-87.7821987!2d41.7921554!3m4!1m2!1d-87.5188504!2d41.6644357!3s0x8811d8c7efa45113:0x65455df9652b3d6!1m5!1m1!1s0x8811fbb4df27c617:0x9c37d3a830923b1c!2m2!1d-87.4218064!2d41.3551184!3e0	62.1	85
60	9	24	BF_DR	2015-08-13 15:57:11.148584	I-94 E	52.6 miles	1 h 27 min	1 h 9 min - 1 h 56 min	https://www.google.com/maps/dir/6401+W+Archer+Ave,+Chicago,+IL+60638/14500+Morse+St,+Cedar+Lake,+IN+46303/@41.5804903,-87.4490549,30876m/data=!3m1!1e3!4m21!4m20!1m10!1m1!1s0x880e36ce8df897d5:0xf60d85e1d73720e1!2m2!1d-87.7821987!2d41.7921554!3m4!1m2!1d-87.5820977!2d41.5770576!3s0x880e21d5a282f61d:0x245930a436de9af2!1m5!1m1!1s0x8811fbb4df27c617:0x9c37d3a830923b1c!2m2!1d-87.4218064!2d41.3551184!2m1!2b1!3e0	52.6	87
78	9	24	TRI	2015-08-13 15:57:21.377866	I-294 S	49.2 miles	1 h 10 min	1 h 5 min - 1 h 28 min	https://www.google.com/maps/dir/6401+W+Archer+Ave,+Chicago,+IL+60638/14500+Morse+St,+Cedar+Lake,+IN+46303/@41.5540928,-87.5961123,87235m/data=!3m1!1e3!4m19!4m18!1m10!1m1!1s0x880e36ce8df897d5:0xf60d85e1d73720e1!2m2!1d-87.7821987!2d41.7921554!3m4!1m2!1d-87.4215734!2d41.3632159!3s0x8811fbad44287dd7:0x4abd99754583ce4!1m5!1m1!1s0x8811fbb4df27c617:0x9c37d3a830923b1c!2m2!1d-87.4218064!2d41.3551184!3e0	49.2	70
45	9	25	TRI	2015-08-13 15:57:02.524796	I-294 S	70.7 miles	1 h 21 min	1 h 16 min - 1 h 40 min	https://www.google.com/maps/dir/6401+W+Archer+Ave,+Chicago,+IL+60638/199+E+Indiana+Ave,+Kouts,+IN+46347/@41.5715924,-87.5353383,25932m/data=!3m1!1e3!4m19!4m18!1m10!1m1!1s0x880e36ce8df897d5:0xf60d85e1d73720e1!2m2!1d-87.7821987!2d41.7921554!3m4!1m2!1d-87.5938202!2d41.5778583!3s0x880e21df3027a6d9:0x3fcc73aa5231a3a9!1m5!1m1!1s0x8811867e866ea59f:0x18dd56f7f4a462dd!2m2!1d-87.0246114!2d41.3183005!3e0	70.7	81
50	9	25	BF_DR	2015-08-13 15:57:05.826124	I-94 E	73.9 miles	1 h 38 min	1 h 20 min - 2 h 6 min	https://www.google.com/maps/dir/6401+W+Archer+Ave,+Chicago,+IL+60638/199+E+Indiana+Ave,+Kouts,+IN+46347/@41.5724186,-87.5773637,25858m/am=t/data=!3m1!1e3!4m29!4m28!1m20!1m1!1s0x880e36ce8df897d5:0xf60d85e1d73720e1!2m2!1d-87.7821987!2d41.7921554!3m4!1m2!1d-87.5963317!2d41.6686151!3s0x880e26c723dda8bf:0x5f993ad976201c08!3m4!1m2!1d-87.5835058!2d41.6034807!3s0x880e21b3ce26641d:0x9641d4b732face91!3m4!1m2!1d-87.5805261!2d41.5803582!3s0x880e21d4b5cbe059:0xfec760626d549dbe!1m5!1m1!1s0x8811867e866ea59f:0x18dd56f7f4a462dd!2m2!1d-87.0246114!2d41.3183005!3e0	73.9	98
156	9	25	Sky	2015-08-13 15:58:06.248321	I-90 E and IN-49 S	71.2 miles	1 h 29 min	1 h 17 min - 1 h 51 min	https://www.google.com/maps/dir/6401+W+Archer+Ave,+Chicago,+IL+60638/199+E+Indiana+Ave,+Kouts,+IN+46347/@41.6756518,-87.6016343,28232m/data=!3m1!1e3!4m19!4m18!1m10!1m1!1s0x880e36ce8df897d5:0xf60d85e1d73720e1!2m2!1d-87.7821987!2d41.7921554!3m4!1m2!1d-87.5197354!2d41.6669655!3s0x8811d8c7efa45113:0x65455df9652b3d6!1m5!1m1!1s0x8811867e866ea59f:0x18dd56f7f4a462dd!2m2!1d-87.0246114!2d41.3183005!3e0	71.2	89
7	9	26	TRI	2015-08-13 15:56:41.335073	I-294 S and I-80 E	49.3 miles	57 min	53 min - 1 h 17 min	https://www.google.com/maps/dir/Chicago,+IL+60638/41.5881995,-87.1836656/@41.5957898,-87.5299807,12.25z/data=!4m14!4m13!1m10!1m1!1s0x880e36ce9a6635d9:0x4283db81b4fe041d!2m2!1d-87.7818106!2d41.7923069!3m4!1m2!1d-87.5770404!2d41.5776226!3s0x880e202a57e91849:0xa7d937710c8f9b3a!1m0!3e0	49.3	57
105	9	26	Sky	2015-08-13 15:57:36.741830	I-90 E	46.5 miles	1 h 2 min	52 min - 1 h 20 min	https://www.google.com/maps/dir/Chicago,+IL+60638/41.5881995,-87.1836656/@41.6427884,-87.5716266,11.5z/data=!4m14!4m13!1m10!1m1!1s0x880e36ce9a6635d9:0x4283db81b4fe041d!2m2!1d-87.7818106!2d41.7923069!3m4!1m2!1d-87.5201459!2d41.6681278!3s0x8811d8bf4129bfed:0xe9a1a6b776b79943!1m0!3e0	46.5	62
158	9	26	BF_DR	2015-08-13 15:58:07.433450	I-94 E	52.5 miles	1 h 13 min	58 min - 1 h 43 min	https://www.google.com/maps/dir/Chicago,+IL+60638/41.5881995,-87.1836656/@41.6935494,-87.5318801,11.25z/data=!4m14!4m13!1m10!1m1!1s0x880e36ce9a6635d9:0x4283db81b4fe041d!2m2!1d-87.7818106!2d41.7923069!3m4!1m2!1d-87.597768!2d41.6702848!3s0x880e26c723dda8bf:0x5f993ad976201c08!1m0!3e0	52.5	73
72	10	20	Sky	2015-08-13 15:57:18.066864	I-290 E	28.3 miles	1 h 1 min	45 min - 1 h 38 min	https://www.google.com/maps/dir/7222+W+North+Ave,+River+Forest,+IL+60305/41.658386,+-87.559140/@41.6973502,-87.7142825,30722m/data=!3m1!1e3!4m19!4m18!1m10!1m1!1s0x880fcb25570977f3:0x10fdb8dca6538f8e!2m2!1d-87.8069089!2d41.9088826!3m4!1m2!1d-87.5597205!2d41.711458!3s0x880e27be1c00d14d:0x499a631c9cbd6f52!1m5!1m1!1s0x0:0x0!2m2!1d-87.55914!2d41.658386!3e0	28.3	61
89	10	20	BF_DR	2015-08-13 15:57:27.598851	I-290 E and I-94 E	29.8 miles	1 h 1 min	42 min - 1 h 48 min	https://www.google.com/maps/dir/7222+W+North+Ave,+River+Forest,+IL+60305/41.658386,+-87.559140/@41.6941489,-87.5788938,15384m/data=!3m1!1e3!4m19!4m18!1m10!1m1!1s0x880fcb25570977f3:0x10fdb8dca6538f8e!2m2!1d-87.8069089!2d41.9088826!3m4!1m2!1d-87.5989594!2d41.6911182!3s0x880e26f4b2808481:0x9b3e8c89cc2c6bac!1m5!1m1!1s0x0:0x0!2m2!1d-87.55914!2d41.658386!3e0	29.8	61
15	10	21	BF_DR	2015-08-13 15:56:45.677163	I-94 E	47.2 miles	1 h 21 min	59 min - 2 h 11 min	https://www.google.com/maps/dir/7222+W+North+Ave,+River+Forest,+IL+60305/Gleason+Park,+3400+Jefferson+Street,+Gary,+IN+46406/@41.6207812,-87.5938164,25865m/data=!3m1!1e3!4m19!4m18!1m10!1m1!1s0x880fcb25570977f3:0x10fdb8dca6538f8e!2m2!1d-87.8069089!2d41.9088826!3m4!1m2!1d-87.5785848!2d41.6407079!3s0x880e20d8ae494f1f:0xe04c790bc9eb5adc!1m5!1m1!1s0x8811e9d33a4155a9:0xd2b45f5dbe15a037!2m2!1d-87.3406427!2d41.5638849!3e0	47.2	81
129	10	21	Sky	2015-08-13 15:57:51.043408	I-90 E	43.0 miles	1 h 14 min	58 min - 1 h 52 min	https://www.google.com/maps/dir/7222+W+North+Ave,+River+Forest,+IL+60305/Gleason+Park,+3400+Jefferson+Street,+Gary,+IN+46406/@41.6454464,-87.5498908,18326m/data=!3m1!1e3!4m19!4m18!1m10!1m1!1s0x880fcb25570977f3:0x10fdb8dca6538f8e!2m2!1d-87.8069089!2d41.9088826!3m4!1m2!1d-87.5195869!2d41.6665449!3s0x8811d8c7efa45113:0x65455df9652b3d6!1m5!1m1!1s0x8811e9d33a4155a9:0xd2b45f5dbe15a037!2m2!1d-87.3406427!2d41.5638849!3e0	43.0	74
159	10	21	TRI	2015-08-13 15:58:08.050923	I-294 S	53.2 miles	1 h 17 min	1 h - 1 h 43 min	https://www.google.com/maps/dir/7222+W+North+Ave,+River+Forest,+IL+60305/Gleason+Park,+3400+Jefferson+Street,+Gary,+IN+46406/@41.5716497,-87.588582,10891m/data=!3m1!1e3!4m19!4m18!1m10!1m1!1s0x880fcb25570977f3:0x10fdb8dca6538f8e!2m2!1d-87.8069089!2d41.9088826!3m4!1m2!1d-87.5863757!2d41.5776055!3s0x880e21d7b0bc12cf:0xa0b8a57b2f292f8a!1m5!1m1!1s0x8811e9d33a4155a9:0xd2b45f5dbe15a037!2m2!1d-87.3406427!2d41.5638849!3e0	53.2	77
18	10	22	BF_DR	2015-08-13 15:56:47.369432	I-94 E	49.3 miles	1 h 25 min	1 h 2 min - 2 h 17 min	https://www.google.com/maps/dir/7222+W+North+Ave,+River+Forest,+IL+60305/598+E+Dunes+Hwy,+Gary,+IN+46402/@41.6291861,-87.5621111,21742m/data=!3m1!1e3!4m21!4m20!1m10!1m1!1s0x880fcb25570977f3:0x10fdb8dca6538f8e!2m2!1d-87.8069089!2d41.9088826!3m4!1m2!1d-87.5785283!2d41.6324809!3s0x880e20e1dad260e9:0x19dae52afa417271!1m5!1m1!1s0x8811c24fc629e9c3:0xf804ea068e5e7b8c!2m2!1d-87.329723!2d41.6020873!2m1!2b1!3e0	49.3	85
74	10	22	TRI	2015-08-13 15:57:19.111359	I-294 S	55.3 miles	1 h 21 min	1 h 4 min - 1 h 48 min	https://www.google.com/maps/dir/7222+W+North+Ave,+River+Forest,+IL+60305/598+E+Dunes+Hwy,+Gary,+IN+46402/@41.5750033,-87.5846406,2288m/data=!3m1!1e3!4m19!4m18!1m10!1m1!1s0x880fcb25570977f3:0x10fdb8dca6538f8e!2m2!1d-87.8069089!2d41.9088826!3m4!1m2!1d-87.5822087!2d41.5776138!3s0x880e21d5a5ecfe3d:0xe79a7a2011bc7c45!1m5!1m1!1s0x8811c24fc629e9c3:0xf804ea068e5e7b8c!2m2!1d-87.329723!2d41.6020873!3e0	55.3	81
120	10	22	Sky	2015-08-13 15:57:45.972435	I-90 E	40.8 miles	1 h 7 min	52 min - 1 h 44 min	https://www.google.com/maps/dir/7222+W+North+Ave,+River+Forest,+IL+60305/598+E+Dunes+Hwy,+Gary,+IN+46402/@41.6729015,-87.5786733,25874m/data=!3m1!1e3!4m19!4m18!1m10!1m1!1s0x880fcb25570977f3:0x10fdb8dca6538f8e!2m2!1d-87.8069089!2d41.9088826!3m4!1m2!1d-87.5194493!2d41.6661553!3s0x8811d8c7efa45113:0x65455df9652b3d6!1m5!1m1!1s0x8811c24fc629e9c3:0xf804ea068e5e7b8c!2m2!1d-87.329723!2d41.6020873!3e0	40.8	67
17	10	23	Sky	2015-08-13 15:56:46.818586	I-290 E	35.5 miles	1 h 18 min	58 min - 2 h 2 min	https://www.google.com/maps/dir/7222+W+North+Ave,+River+Forest,+IL+60305/899+E+Chicago+Ave,+East+Chicago,+IN+46312/@41.7088662,-87.6173476,21732m/data=!3m1!1e3!4m21!4m20!1m10!1m1!1s0x880fcb25570977f3:0x10fdb8dca6538f8e!2m2!1d-87.8069089!2d41.9088826!3m4!1m2!1d-87.5277106!2d41.7062937!3s0x8811d86f6f51c9fb:0xf900ffb80cb82882!1m5!1m1!1s0x8811de9e69995165:0xc148f9a2c0dc6d25!2m2!1d-87.4617361!2d41.6292353!2m1!2b1!3e0	35.5	78
35	10	23	BF_DR	2015-08-13 15:56:56.975673	I-94 E	35.8 miles	1 h 17 min	56 min - 2 h 6 min	https://www.google.com/maps/dir/7222+W+North+Ave,+River+Forest,+IL+60305/899+E+Chicago+Ave,+East+Chicago,+IN+46312/@41.8553953,-87.6805164,15354m/data=!3m1!1e3!4m21!4m20!1m10!1m1!1s0x880fcb25570977f3:0x10fdb8dca6538f8e!2m2!1d-87.8069089!2d41.9088826!3m4!1m2!1d-87.6417362!2d41.847019!3s0x880e2c5cea843f17:0x5b90ac626c6a17cf!1m5!1m1!1s0x8811de9e69995165:0xc148f9a2c0dc6d25!2m2!1d-87.4617361!2d41.6292353!2m1!2b1!3e0	35.8	77
2	10	24	Sky	2015-08-13 15:56:38.702725	I-90 E	66.2 miles	1 h 39 min	1 h 22 min - 2 h 19 min	https://www.google.com/maps/dir/7222+W+North+Ave,+River+Forest,+IL+60305/14500+Morse+St,+Cedar+Lake,+IN+46303/@41.6562402,-87.4399829,36662m/data=!3m1!1e3!4m19!4m18!1m10!1m1!1s0x880fcb25570977f3:0x10fdb8dca6538f8e!2m2!1d-87.8069089!2d41.9088826!3m4!1m2!1d-87.521294!2d41.6713761!3s0x8811d8bf4129bfed:0xe9a1a6b776b79943!1m5!1m1!1s0x8811fbb4df27c617:0x9c37d3a830923b1c!2m2!1d-87.4218064!2d41.3551184!3e0	66.2	99
19	10	24	BF_DR	2015-08-13 15:56:47.911840	I-94 E	56.7 miles	1 h 42 min	1 h 18 min - 2 h 36 min	https://www.google.com/maps/dir/7222+W+North+Ave,+River+Forest,+IL+60305/14500+Morse+St,+Cedar+Lake,+IN+46303/@41.5576306,-87.6230552,30884m/data=!3m1!1e3!4m19!4m18!1m10!1m1!1s0x880fcb25570977f3:0x10fdb8dca6538f8e!2m2!1d-87.8069089!2d41.9088826!3m4!1m2!1d-87.5823486!2d41.5762083!3s0x880e21d589ede51b:0x929e14f726562377!1m5!1m1!1s0x8811fbb4df27c617:0x9c37d3a830923b1c!2m2!1d-87.4218064!2d41.3551184!3e0	56.7	102
137	10	24	TRI	2015-08-13 15:57:55.388189	I-294 S	62.4 miles	1 h 38 min	1 h 19 min - 2 h 8 min	https://www.google.com/maps/dir/7222+W+North+Ave,+River+Forest,+IL+60305/14500+Morse+St,+Cedar+Lake,+IN+46303/@41.5819637,-87.6154883,10913m/data=!3m1!1e3!4m19!4m18!1m10!1m1!1s0x880fcb25570977f3:0x10fdb8dca6538f8e!2m2!1d-87.8069089!2d41.9088826!3m4!1m2!1d-87.5894024!2d41.577395!3s0x880e21d85f4e0f81:0x338534fa89809f87!1m5!1m1!1s0x8811fbb4df27c617:0x9c37d3a830923b1c!2m2!1d-87.4218064!2d41.3551184!3e0	62.4	98
58	10	25	Sky	2015-08-13 15:57:10.120686	I-90 E	75.3 miles	1 h 43 min	1 h 26 min - 2 h 25 min	https://www.google.com/maps/dir/7222+W+North+Ave,+River+Forest,+IL+60305/199+E+Indiana+Ave,+Kouts,+IN+46347/@41.6670246,-87.5752207,21793m/data=!3m1!1e3!4m19!4m18!1m10!1m1!1s0x880fcb25570977f3:0x10fdb8dca6538f8e!2m2!1d-87.8069089!2d41.9088826!3m4!1m2!1d-87.5196769!2d41.6667998!3s0x8811d8c7efa45113:0x65455df9652b3d6!1m5!1m1!1s0x8811867e866ea59f:0x18dd56f7f4a462dd!2m2!1d-87.0246114!2d41.3183005!3e0	75.3	103
62	10	25	TRI	2015-08-13 15:57:12.339826	I-294 S	84.0 miles	1 h 49 min	1 h 31 min - 2 h 20 min	https://www.google.com/maps/dir/7222+W+North+Ave,+River+Forest,+IL+60305/199+E+Indiana+Ave,+Kouts,+IN+46347/@41.603016,-87.6500442,30831m/data=!3m1!1e3!4m19!4m18!1m10!1m1!1s0x880fcb25570977f3:0x10fdb8dca6538f8e!2m2!1d-87.8069089!2d41.9088826!3m4!1m2!1d-87.6814751!2d41.5900496!3s0x880e22bcf4cff9ab:0x47a433f6a4e72a98!1m5!1m1!1s0x8811867e866ea59f:0x18dd56f7f4a462dd!2m2!1d-87.0246114!2d41.3183005!3e0	84.0	109
116	10	25	BF_DR	2015-08-13 15:57:43.624238	I-94 E	78.0 miles	1 h 52 min	1 h 29 min - 2 h 46 min	https://www.google.com/maps/dir/7222+W+North+Ave,+River+Forest,+IL+60305/199+E+Indiana+Ave,+Kouts,+IN+46347/@41.6130191,-87.7121141,87224m/data=!3m2!1e3!4b1!4m16!4m15!1m5!1m1!1s0x880fcb25570977f3:0x10fdb8dca6538f8e!2m2!1d-87.8069089!2d41.9088826!1m5!1m1!1s0x8811867e866ea59f:0x18dd56f7f4a462dd!2m2!1d-87.0246114!2d41.3183005!2m1!2b1!3e0	78.0	112
66	10	26	TRI	2015-08-13 15:57:14.761640	I-294 S and I-80 E	62.3 miles	1 h 23 min	1 h 7 min - 1 h 51 min	https://www.google.com/maps/dir/Illinois/41.5881995,-87.1836656/@41.5835745,-87.5983989,13z/data=!4m14!4m13!1m10!1m1!1s0x880fcb3aab19bf79:0xc0579f47b57bbe43!2m2!1d-87.805741!2d41.9087615!3m4!1m2!1d-87.5840727!2d41.5776086!3s0x880e21d5d85ef9ef:0x75a5225f57eddfd3!1m0!3e0	62.3	83
83	10	26	Sky	2015-08-13 15:57:24.279137	I-90 E	50.3 miles	1 h 15 min	59 min - 1 h 53 min	https://www.google.com/maps/dir/Illinois/41.5881995,-87.1836656/@41.7138835,-87.6695308,9.75z/data=!4m14!4m13!1m10!1m1!1s0x880fcb3aab19bf79:0xc0579f47b57bbe43!2m2!1d-87.805741!2d41.9087615!3m4!1m2!1d-87.519663!2d41.6667606!3s0x8811d8c7efa45113:0x65455df9652b3d6!1m0!3e0	50.3	75
139	10	26	BF_DR	2015-08-13 15:57:56.608131	I-94 E	56.3 miles	1 h 28 min	1 h 5 min - 2 h 21 min	https://www.google.com/maps/dir/Illinois/41.5881995,-87.1836656/@41.6589406,-87.5715078,11z/data=!4m11!4m10!1m5!1m1!1s0x880fcb3aab19bf79:0xc0579f47b57bbe43!2m2!1d-87.805741!2d41.9087615!1m0!2m1!2b1!3e0	56.3	88
